
BEGIN TRANSACTION;
CREATE TABLE IF NOT EXISTS "django_migrations" ("id" SERIAL PRIMARY KEY, "app" varchar(255) NOT NULL, "name" varchar(255) NOT NULL, "applied" datetime NOT NULL);
INSERT INTO django_migrations VALUES(1,'contenttypes','0001_initial','2024-11-16 18:15:53.851529');
INSERT INTO django_migrations VALUES(2,'contenttypes','0002_remove_content_type_name','2024-11-16 18:15:54.428776');
INSERT INTO django_migrations VALUES(3,'auth','0001_initial','2024-11-16 18:15:55.476222');
INSERT INTO django_migrations VALUES(4,'auth','0002_alter_permission_name_max_length','2024-11-16 18:15:55.803068');
INSERT INTO django_migrations VALUES(5,'auth','0003_alter_user_email_max_length','2024-11-16 18:15:56.435104');
INSERT INTO django_migrations VALUES(6,'auth','0004_alter_user_username_opts','2024-11-16 18:15:57.001475');
INSERT INTO django_migrations VALUES(7,'auth','0005_alter_user_last_login_null','2024-11-16 18:15:57.291801');
INSERT INTO django_migrations VALUES(8,'auth','0006_require_contenttypes_0002','2024-11-16 18:15:57.773770');
INSERT INTO django_migrations VALUES(9,'auth','0007_alter_validators_add_error_messages','2024-11-16 18:15:58.124763');
INSERT INTO django_migrations VALUES(10,'auth','0008_alter_user_username_max_length','2024-11-16 18:15:58.598886');
INSERT INTO django_migrations VALUES(11,'auth','0009_alter_user_last_name_max_length','2024-11-16 18:15:59.122591');
INSERT INTO django_migrations VALUES(12,'auth','0010_alter_group_name_max_length','2024-11-16 18:15:59.684793');
INSERT INTO django_migrations VALUES(13,'auth','0011_update_proxy_permissions','2024-11-16 18:16:00.527974');
INSERT INTO django_migrations VALUES(14,'auth','0012_alter_user_first_name_max_length','2024-11-16 18:16:01.503731');
INSERT INTO django_migrations VALUES(15,'core','0001_initial','2024-11-16 18:16:05.031336');
INSERT INTO django_migrations VALUES(16,'admin','0001_initial','2024-11-16 18:16:06.271723');
INSERT INTO django_migrations VALUES(17,'admin','0002_logentry_remove_auto_add','2024-11-16 18:16:07.103744');
INSERT INTO django_migrations VALUES(18,'admin','0003_logentry_add_action_flag_choices','2024-11-16 18:16:07.919269');
INSERT INTO django_migrations VALUES(19,'sessions','0001_initial','2024-11-16 18:16:09.903204');
INSERT INTO django_migrations VALUES(20,'core','0002_alter_assignment_created_at_and_more','2024-11-18 23:43:10.561072');
INSERT INTO django_migrations VALUES(21,'core','0003_alter_assignment_created_at_and_more','2024-11-21 03:13:10.008965');
INSERT INTO django_migrations VALUES(22,'core','0004_alter_assignment_created_at_and_more','2024-11-22 08:11:23.680627');
INSERT INTO django_migrations VALUES(23,'core','0005_alter_assignment_created_at_and_more','2024-11-22 08:34:29.414439');
INSERT INTO django_migrations VALUES(24,'core','0006_student_promotion_history_student_status_and_more','2024-11-23 00:49:34.188548');
INSERT INTO django_migrations VALUES(25,'core','0007_class_order_alter_assignment_created_at_and_more','2024-11-23 01:38:27.657111');
INSERT INTO django_migrations VALUES(26,'core','0008_alter_assignment_created_at_and_more','2024-11-23 01:38:28.059371');
INSERT INTO django_migrations VALUES(27,'core','0009_alter_assignment_created_at_and_more','2024-11-23 01:38:28.730708');
INSERT INTO django_migrations VALUES(28,'core','0010_alter_assignment_created_at_and_more','2024-11-23 01:38:29.047146');
INSERT INTO django_migrations VALUES(29,'core','0011_alter_assignment_created_at_and_more','2024-11-24 01:55:36.349726');
INSERT INTO django_migrations VALUES(30,'core','0012_guardian_status_teacher_status_and_more','2024-11-25 22:29:36.843345');
INSERT INTO django_migrations VALUES(31,'core','0013_message_title_alter_assignment_created_at_and_more','2024-11-26 22:44:56.004863');
INSERT INTO django_migrations VALUES(32,'core','0014_alter_assignment_created_at_and_more','2024-12-02 13:58:11.692482');
INSERT INTO django_migrations VALUES(33,'core','0015_alter_assignment_created_at_and_more','2024-12-04 03:26:13.537485');
INSERT INTO django_migrations VALUES(34,'core','0016_assignment_active_alter_assignment_created_at_and_more','2024-12-04 03:33:30.899523');
INSERT INTO django_migrations VALUES(35,'core','0017_alter_assignment_created_at_and_more','2024-12-16 15:23:19.400161');
INSERT INTO django_migrations VALUES(36,'core','0018_alter_assignment_created_at_and_more','2024-12-24 21:57:06.725807');
INSERT INTO django_migrations VALUES(37,'core','0019_alter_assignment_created_at_and_more','2024-12-24 21:57:06.983904');
INSERT INTO django_migrations VALUES(38,'core','0020_alter_assignment_created_at_and_more','2024-12-29 00:29:47.654441');
INSERT INTO django_migrations VALUES(39,'core','0021_assessment_approved_by_assessment_created_by_and_more','2024-12-31 21:58:08.541576');
INSERT INTO django_migrations VALUES(40,'core','0022_assessment_created_at_assessment_updated_at_and_more','2024-12-31 22:05:01.542247');
INSERT INTO django_migrations VALUES(41,'core','0023_alter_assessment_created_at_and_more','2024-12-31 23:08:23.437619');
INSERT INTO django_migrations VALUES(42,'core','0024_remove_class_teacher_remove_teacher_current_class_and_more','2025-01-01 02:51:03.191420');
INSERT INTO django_migrations VALUES(43,'core','0025_remove_assessment_date_alter_assessment_created_at_and_more','2025-01-03 02:40:08.416921');
INSERT INTO django_migrations VALUES(44,'core','0026_alter_assessment_created_at_and_more','2025-01-05 22:53:47.805337');
INSERT INTO django_migrations VALUES(45,'core','0027_alter_assessment_created_at_and_more','2025-01-26 21:40:59.087676');
INSERT INTO django_migrations VALUES(46,'core','0028_alter_assignment_created_at_and_more','2025-02-02 18:49:56.623250');
CREATE TABLE IF NOT EXISTS "django_content_type" ("id" SERIAL PRIMARY KEY, "app_label" varchar(100) NOT NULL, "model" varchar(100) NOT NULL);
INSERT INTO django_content_type VALUES(1,'admin','logentry');
INSERT INTO django_content_type VALUES(2,'auth','permission');
INSERT INTO django_content_type VALUES(3,'auth','group');
INSERT INTO django_content_type VALUES(4,'contenttypes','contenttype');
INSERT INTO django_content_type VALUES(5,'sessions','session');
INSERT INTO django_content_type VALUES(6,'core','customuser');
INSERT INTO django_content_type VALUES(7,'core','class');
INSERT INTO django_content_type VALUES(8,'core','expense');
INSERT INTO django_content_type VALUES(9,'core','notification');
INSERT INTO django_content_type VALUES(10,'core','onlinequestion');
INSERT INTO django_content_type VALUES(11,'core','result');
INSERT INTO django_content_type VALUES(12,'core','session');
INSERT INTO django_content_type VALUES(13,'core','guardian');
INSERT INTO django_content_type VALUES(14,'core','student');
INSERT INTO django_content_type VALUES(15,'core','assignment');
INSERT INTO django_content_type VALUES(16,'core','question');
INSERT INTO django_content_type VALUES(17,'core','subject');
INSERT INTO django_content_type VALUES(18,'core','exam');
INSERT INTO django_content_type VALUES(19,'core','assessment');
INSERT INTO django_content_type VALUES(20,'core','subjectresult');
INSERT INTO django_content_type VALUES(21,'core','term');
INSERT INTO django_content_type VALUES(22,'core','schoolday');
INSERT INTO django_content_type VALUES(23,'core','holiday');
INSERT INTO django_content_type VALUES(24,'core','financialrecord');
INSERT INTO django_content_type VALUES(25,'core','feeassignment');
INSERT INTO django_content_type VALUES(26,'core','studentfeerecord');
INSERT INTO django_content_type VALUES(27,'core','payment');
INSERT INTO django_content_type VALUES(28,'core','message');
INSERT INTO django_content_type VALUES(29,'core','enrollment');
INSERT INTO django_content_type VALUES(30,'core','assignmentsubmission');
INSERT INTO django_content_type VALUES(31,'core','teacher');
INSERT INTO django_content_type VALUES(32,'core','classsubjectassignment');
INSERT INTO django_content_type VALUES(33,'core','attendance');
INSERT INTO django_content_type VALUES(34,'core','teacherassignment');
INSERT INTO django_content_type VALUES(35,'core','subjectassignment');
INSERT INTO django_content_type VALUES(36,'core','academicalert');
INSERT INTO django_content_type VALUES(37,'core','emailcampaign');
INSERT INTO django_content_type VALUES(38,'core','assessmentsubmission');
CREATE TABLE IF NOT EXISTS "auth_group_permissions" ("id" SERIAL PRIMARY KEY, "group_id" integer NOT NULL REFERENCES "auth_group" ("id") DEFERRABLE INITIALLY DEFERRED, "permission_id" integer NOT NULL REFERENCES "auth_permission" ("id") DEFERRABLE INITIALLY DEFERRED);
CREATE TABLE IF NOT EXISTS "auth_permission" ("id" SERIAL PRIMARY KEY, "content_type_id" integer NOT NULL REFERENCES "django_content_type" ("id") DEFERRABLE INITIALLY DEFERRED, "codename" varchar(100) NOT NULL, "name" varchar(255) NOT NULL);
INSERT INTO auth_permission VALUES(1,1,'add_logentry','Can add log entry');
INSERT INTO auth_permission VALUES(2,1,'change_logentry','Can change log entry');
INSERT INTO auth_permission VALUES(3,1,'delete_logentry','Can delete log entry');
INSERT INTO auth_permission VALUES(4,1,'view_logentry','Can view log entry');
INSERT INTO auth_permission VALUES(5,2,'add_permission','Can add permission');
INSERT INTO auth_permission VALUES(6,2,'change_permission','Can change permission');
INSERT INTO auth_permission VALUES(7,2,'delete_permission','Can delete permission');
INSERT INTO auth_permission VALUES(8,2,'view_permission','Can view permission');
INSERT INTO auth_permission VALUES(9,3,'add_group','Can add group');
INSERT INTO auth_permission VALUES(10,3,'change_group','Can change group');
INSERT INTO auth_permission VALUES(11,3,'delete_group','Can delete group');
INSERT INTO auth_permission VALUES(12,3,'view_group','Can view group');
INSERT INTO auth_permission VALUES(13,4,'add_contenttype','Can add content type');
INSERT INTO auth_permission VALUES(14,4,'change_contenttype','Can change content type');
INSERT INTO auth_permission VALUES(15,4,'delete_contenttype','Can delete content type');
INSERT INTO auth_permission VALUES(16,4,'view_contenttype','Can view content type');
INSERT INTO auth_permission VALUES(17,5,'add_session','Can add session');
INSERT INTO auth_permission VALUES(18,5,'change_session','Can change session');
INSERT INTO auth_permission VALUES(19,5,'delete_session','Can delete session');
INSERT INTO auth_permission VALUES(20,5,'view_session','Can view session');
INSERT INTO auth_permission VALUES(21,6,'add_customuser','Can add user');
INSERT INTO auth_permission VALUES(22,6,'change_customuser','Can change user');
INSERT INTO auth_permission VALUES(23,6,'delete_customuser','Can delete user');
INSERT INTO auth_permission VALUES(24,6,'view_customuser','Can view user');
INSERT INTO auth_permission VALUES(25,7,'add_class','Can add class');
INSERT INTO auth_permission VALUES(26,7,'change_class','Can change class');
INSERT INTO auth_permission VALUES(27,7,'delete_class','Can delete class');
INSERT INTO auth_permission VALUES(28,7,'view_class','Can view class');
INSERT INTO auth_permission VALUES(29,8,'add_expense','Can add expense');
INSERT INTO auth_permission VALUES(30,8,'change_expense','Can change expense');
INSERT INTO auth_permission VALUES(31,8,'delete_expense','Can delete expense');
INSERT INTO auth_permission VALUES(32,8,'view_expense','Can view expense');
INSERT INTO auth_permission VALUES(33,9,'add_notification','Can add notification');
INSERT INTO auth_permission VALUES(34,9,'change_notification','Can change notification');
INSERT INTO auth_permission VALUES(35,9,'delete_notification','Can delete notification');
INSERT INTO auth_permission VALUES(36,9,'view_notification','Can view notification');
INSERT INTO auth_permission VALUES(37,10,'add_onlinequestion','Can add online question');
INSERT INTO auth_permission VALUES(38,10,'change_onlinequestion','Can change online question');
INSERT INTO auth_permission VALUES(39,10,'delete_onlinequestion','Can delete online question');
INSERT INTO auth_permission VALUES(40,10,'view_onlinequestion','Can view online question');
INSERT INTO auth_permission VALUES(41,11,'add_result','Can add result');
INSERT INTO auth_permission VALUES(42,11,'change_result','Can change result');
INSERT INTO auth_permission VALUES(43,11,'delete_result','Can delete result');
INSERT INTO auth_permission VALUES(44,11,'view_result','Can view result');
INSERT INTO auth_permission VALUES(45,12,'add_session','Can add session');
INSERT INTO auth_permission VALUES(46,12,'change_session','Can change session');
INSERT INTO auth_permission VALUES(47,12,'delete_session','Can delete session');
INSERT INTO auth_permission VALUES(48,12,'view_session','Can view session');
INSERT INTO auth_permission VALUES(49,13,'add_guardian','Can add guardian');
INSERT INTO auth_permission VALUES(50,13,'change_guardian','Can change guardian');
INSERT INTO auth_permission VALUES(51,13,'delete_guardian','Can delete guardian');
INSERT INTO auth_permission VALUES(52,13,'view_guardian','Can view guardian');
INSERT INTO auth_permission VALUES(53,14,'add_student','Can add student');
INSERT INTO auth_permission VALUES(54,14,'change_student','Can change student');
INSERT INTO auth_permission VALUES(55,14,'delete_student','Can delete student');
INSERT INTO auth_permission VALUES(56,14,'view_student','Can view student');
INSERT INTO auth_permission VALUES(57,15,'add_assignment','Can add assignment');
INSERT INTO auth_permission VALUES(58,15,'change_assignment','Can change assignment');
INSERT INTO auth_permission VALUES(59,15,'delete_assignment','Can delete assignment');
INSERT INTO auth_permission VALUES(60,15,'view_assignment','Can view assignment');
INSERT INTO auth_permission VALUES(61,16,'add_question','Can add question');
INSERT INTO auth_permission VALUES(62,16,'change_question','Can change question');
INSERT INTO auth_permission VALUES(63,16,'delete_question','Can delete question');
INSERT INTO auth_permission VALUES(64,16,'view_question','Can view question');
INSERT INTO auth_permission VALUES(65,17,'add_subject','Can add subject');
INSERT INTO auth_permission VALUES(66,17,'change_subject','Can change subject');
INSERT INTO auth_permission VALUES(67,17,'delete_subject','Can delete subject');
INSERT INTO auth_permission VALUES(68,17,'view_subject','Can view subject');
INSERT INTO auth_permission VALUES(69,18,'add_exam','Can add exam');
INSERT INTO auth_permission VALUES(70,18,'change_exam','Can change exam');
INSERT INTO auth_permission VALUES(71,18,'delete_exam','Can delete exam');
INSERT INTO auth_permission VALUES(72,18,'view_exam','Can view exam');
INSERT INTO auth_permission VALUES(73,19,'add_assessment','Can add assessment');
INSERT INTO auth_permission VALUES(74,19,'change_assessment','Can change assessment');
INSERT INTO auth_permission VALUES(75,19,'delete_assessment','Can delete assessment');
INSERT INTO auth_permission VALUES(76,19,'view_assessment','Can view assessment');
INSERT INTO auth_permission VALUES(77,20,'add_subjectresult','Can add subject result');
INSERT INTO auth_permission VALUES(78,20,'change_subjectresult','Can change subject result');
INSERT INTO auth_permission VALUES(79,20,'delete_subjectresult','Can delete subject result');
INSERT INTO auth_permission VALUES(80,20,'view_subjectresult','Can view subject result');
INSERT INTO auth_permission VALUES(81,21,'add_term','Can add term');
INSERT INTO auth_permission VALUES(82,21,'change_term','Can change term');
INSERT INTO auth_permission VALUES(83,21,'delete_term','Can delete term');
INSERT INTO auth_permission VALUES(84,21,'view_term','Can view term');
INSERT INTO auth_permission VALUES(85,22,'add_schoolday','Can add school day');
INSERT INTO auth_permission VALUES(86,22,'change_schoolday','Can change school day');
INSERT INTO auth_permission VALUES(87,22,'delete_schoolday','Can delete school day');
INSERT INTO auth_permission VALUES(88,22,'view_schoolday','Can view school day');
INSERT INTO auth_permission VALUES(89,23,'add_holiday','Can add holiday');
INSERT INTO auth_permission VALUES(90,23,'change_holiday','Can change holiday');
INSERT INTO auth_permission VALUES(91,23,'delete_holiday','Can delete holiday');
INSERT INTO auth_permission VALUES(92,23,'view_holiday','Can view holiday');
INSERT INTO auth_permission VALUES(93,24,'add_financialrecord','Can add financial record');
INSERT INTO auth_permission VALUES(94,24,'change_financialrecord','Can change financial record');
INSERT INTO auth_permission VALUES(95,24,'delete_financialrecord','Can delete financial record');
INSERT INTO auth_permission VALUES(96,24,'view_financialrecord','Can view financial record');
INSERT INTO auth_permission VALUES(97,25,'add_feeassignment','Can add fee assignment');
INSERT INTO auth_permission VALUES(98,25,'change_feeassignment','Can change fee assignment');
INSERT INTO auth_permission VALUES(99,25,'delete_feeassignment','Can delete fee assignment');
INSERT INTO auth_permission VALUES(100,25,'view_feeassignment','Can view fee assignment');
INSERT INTO auth_permission VALUES(101,26,'add_studentfeerecord','Can add student fee record');
INSERT INTO auth_permission VALUES(102,26,'change_studentfeerecord','Can change student fee record');
INSERT INTO auth_permission VALUES(103,26,'delete_studentfeerecord','Can delete student fee record');
INSERT INTO auth_permission VALUES(104,26,'view_studentfeerecord','Can view student fee record');
INSERT INTO auth_permission VALUES(105,27,'add_payment','Can add payment');
INSERT INTO auth_permission VALUES(106,27,'change_payment','Can change payment');
INSERT INTO auth_permission VALUES(107,27,'delete_payment','Can delete payment');
INSERT INTO auth_permission VALUES(108,27,'view_payment','Can view payment');
INSERT INTO auth_permission VALUES(109,28,'add_message','Can add message');
INSERT INTO auth_permission VALUES(110,28,'change_message','Can change message');
INSERT INTO auth_permission VALUES(111,28,'delete_message','Can delete message');
INSERT INTO auth_permission VALUES(112,28,'view_message','Can view message');
INSERT INTO auth_permission VALUES(113,29,'add_enrollment','Can add enrollment');
INSERT INTO auth_permission VALUES(114,29,'change_enrollment','Can change enrollment');
INSERT INTO auth_permission VALUES(115,29,'delete_enrollment','Can delete enrollment');
INSERT INTO auth_permission VALUES(116,29,'view_enrollment','Can view enrollment');
INSERT INTO auth_permission VALUES(117,30,'add_assignmentsubmission','Can add assignment submission');
INSERT INTO auth_permission VALUES(118,30,'change_assignmentsubmission','Can change assignment submission');
INSERT INTO auth_permission VALUES(119,30,'delete_assignmentsubmission','Can delete assignment submission');
INSERT INTO auth_permission VALUES(120,30,'view_assignmentsubmission','Can view assignment submission');
INSERT INTO auth_permission VALUES(121,31,'add_teacher','Can add teacher');
INSERT INTO auth_permission VALUES(122,31,'change_teacher','Can change teacher');
INSERT INTO auth_permission VALUES(123,31,'delete_teacher','Can delete teacher');
INSERT INTO auth_permission VALUES(124,31,'view_teacher','Can view teacher');
INSERT INTO auth_permission VALUES(125,32,'add_classsubjectassignment','Can add class subject assignment');
INSERT INTO auth_permission VALUES(126,32,'change_classsubjectassignment','Can change class subject assignment');
INSERT INTO auth_permission VALUES(127,32,'delete_classsubjectassignment','Can delete class subject assignment');
INSERT INTO auth_permission VALUES(128,32,'view_classsubjectassignment','Can view class subject assignment');
INSERT INTO auth_permission VALUES(129,33,'add_attendance','Can add attendance');
INSERT INTO auth_permission VALUES(130,33,'change_attendance','Can change attendance');
INSERT INTO auth_permission VALUES(131,33,'delete_attendance','Can delete attendance');
INSERT INTO auth_permission VALUES(132,33,'view_attendance','Can view attendance');
INSERT INTO auth_permission VALUES(133,34,'add_teacherassignment','Can add teacher assignment');
INSERT INTO auth_permission VALUES(134,34,'change_teacherassignment','Can change teacher assignment');
INSERT INTO auth_permission VALUES(135,34,'delete_teacherassignment','Can delete teacher assignment');
INSERT INTO auth_permission VALUES(136,34,'view_teacherassignment','Can view teacher assignment');
INSERT INTO auth_permission VALUES(137,35,'add_subjectassignment','Can add subject assignment');
INSERT INTO auth_permission VALUES(138,35,'change_subjectassignment','Can change subject assignment');
INSERT INTO auth_permission VALUES(139,35,'delete_subjectassignment','Can delete subject assignment');
INSERT INTO auth_permission VALUES(140,35,'view_subjectassignment','Can view subject assignment');
INSERT INTO auth_permission VALUES(141,36,'add_academicalert','Can add academic alert');
INSERT INTO auth_permission VALUES(142,36,'change_academicalert','Can change academic alert');
INSERT INTO auth_permission VALUES(143,36,'delete_academicalert','Can delete academic alert');
INSERT INTO auth_permission VALUES(144,36,'view_academicalert','Can view academic alert');
INSERT INTO auth_permission VALUES(145,37,'add_emailcampaign','Can add email campaign');
INSERT INTO auth_permission VALUES(146,37,'change_emailcampaign','Can change email campaign');
INSERT INTO auth_permission VALUES(147,37,'delete_emailcampaign','Can delete email campaign');
INSERT INTO auth_permission VALUES(148,37,'view_emailcampaign','Can view email campaign');
INSERT INTO auth_permission VALUES(149,38,'add_assessmentsubmission','Can add assessment submission');
INSERT INTO auth_permission VALUES(150,38,'change_assessmentsubmission','Can change assessment submission');
INSERT INTO auth_permission VALUES(151,38,'delete_assessmentsubmission','Can delete assessment submission');
INSERT INTO auth_permission VALUES(152,38,'view_assessmentsubmission','Can view assessment submission');
CREATE TABLE IF NOT EXISTS "auth_group" ("id" SERIAL PRIMARY KEY, "name" varchar(150) NOT NULL UNIQUE);
CREATE TABLE IF NOT EXISTS "core_customuser" ("id" SERIAL PRIMARY KEY, "password" varchar(128) NOT NULL, "last_login" datetime NULL, "is_superuser" bool NOT NULL, "username" varchar(150) NOT NULL UNIQUE, "first_name" varchar(150) NOT NULL, "last_name" varchar(150) NOT NULL, "email" varchar(254) NOT NULL, "is_staff" bool NOT NULL, "is_active" bool NOT NULL, "date_joined" datetime NOT NULL, "role" varchar(20) NOT NULL);
INSERT INTO core_customuser VALUES(1,'pbkdf2_sha256$720000$cR6oRcTZngbG65pyCCYHY9$J8bHoCQ+Cp1Cp5nheCwjHnLPWRyPsGWIYKuIx4iAVQQ=','2025-01-03 04:33:00.623532',1,'Mpdedon','','','mpdedon@gmail.com',1,1,'2024-11-17 19:21:23.305409','');
INSERT INTO core_customuser VALUES(2,'pbkdf2_sha256$720000$b6htZVlMDNQ1H4gZbUzgPF$UdlkZYuE9q6eby2RmUBIqJzgEeKcNfGMoE+1uF+ipjA=','2024-12-27 00:49:51.236702',0,'Kaz','Khadija','Usman','khadijah25@gmail.com',0,1,'2024-11-17 19:24:55.302684','guardian');
INSERT INTO core_customuser VALUES(3,'pbkdf2_sha256$720000$m9ov3rRcZxHovyO7Uy4UCy$XnoTAwm1TVbeb0gu723eWViy9OSnM5umZnWJaltDftY=','2025-01-05 21:08:35.657464',0,'Sheikh','Aliyu','Musa','sheikh.ali@gmail.com',0,1,'2024-11-17 19:26:28.540517','guardian');
INSERT INTO core_customuser VALUES(4,'pbkdf2_sha256$720000$jVGGCMc9NAHXmIOMhnv5yU$AvdNtkplSI086D8M1S9zPC+G7lg4K5hOTN0ssMHHVV0=',NULL,0,'Murry','Murtala','Kamal','murtala.kamal@gmail.com',0,1,'2024-11-17 19:35:28.243520','guardian');
INSERT INTO core_customuser VALUES(5,'pbkdf2_sha256$720000$pHzDmBg1u18Ev8kt8QsfeJ$4Dqx0bdzLR/o854yLaZL6YUUJZYANoaHUivRPaZdWt0=','2024-11-25 04:12:07.493477',0,'Diksa','Sadiq','Shuaibu Umar','sadiq.shuaibu@gmail.com',0,1,'2024-11-17 19:42:08','teacher');
INSERT INTO core_customuser VALUES(6,'pbkdf2_sha256$720000$veFYCp69Hd9YQNMoIhw7CC$5OMGlQjA+GLLMj4Z9rDZWdrEG8/7hjeW8P0CDKH3GQs=','2025-01-05 23:12:16.120654',0,'Fatima','Fatima','Muhammed','fatima123@gmail.com',0,1,'2024-11-17 19:42:23','teacher');
INSERT INTO core_customuser VALUES(7,'pbkdf2_sha256$720000$dIkRZ0IPLEICyHUliCZn3a$1APM5o+RIEp+wGUTr+mN0yiP2xjXcBwFjWocXzs/VNU=','2024-11-29 09:03:08.486265',0,'Fatai','Fatai','Tella','tella.fatai@gmail.com',1,1,'2024-11-17 19:42:41','teacher');
INSERT INTO core_customuser VALUES(8,'pbkdf2_sha256$720000$NtIfQvp82ir2VLfD6I5JTP$4c0WdlolfxXCNhrxwqk5UOAkEP9e9dUtWRq03F88piQ=','2024-12-03 04:24:09.407624',0,'Aisha','Aisha','Mukhtar Nabeelah','aisha123@gmail.com',0,1,'2024-11-17 19:55:39.402240','student');
INSERT INTO core_customuser VALUES(10,'pbkdf2_sha256$720000$iHEVy4icdB8tZSJgHZxtSK$lFNM7N2ngzK5ue8oXroAymFsKIw3nNPsqNcxbom5Tr4=','2024-12-03 04:24:39.543948',0,'Yaks','Yahaya','Ali Musa','yahaya.ali@gmail.com',0,1,'2024-11-18 04:31:22.252715','student');
INSERT INTO core_customuser VALUES(12,'pbkdf2_sha256$720000$wRdahtOwkM0734NZF42D6W$y4+xyaYfOkMalJ1KLRWHN3BFKP4zos5g0SnDHGYn7vU=',NULL,0,'Hama','Hamamah','Usman','hamaamah24@gmail.com',0,1,'2024-11-18 15:48:14.297823','student');
INSERT INTO core_customuser VALUES(13,'pbkdf2_sha256$720000$2r1aPItSu5YQYk7wMOGHwB$8KETOp9pEPCeKi0zGDz6gdMvKKagDoVXFN7hsl+By14=',NULL,0,'Haneef','Abdullah','Mukhtar Haneef','abd.mukh@gmail.com',0,1,'2024-11-18 22:55:09.732891','student');
INSERT INTO core_customuser VALUES(14,'pbkdf2_sha256$720000$4qttoFJ7xwhZZnyALwAG2L$wt8evNMqHShqdeetA59vVkajf97pzIIrX+dwHcX1Qj4=','2024-11-19 20:12:15.506993',0,'Imy','Imran','Yusuf','imran.yusuf@yahoo.com',0,1,'2024-11-19 19:23:09.489569','teacher');
INSERT INTO core_customuser VALUES(15,'pbkdf2_sha256$720000$JLPBSjQgLVwXFUUORcd1yo$hRZZWhvO9kwBleA3VSiONece5cqOMIz7UyEGKr/6OaY=',NULL,0,'Wummy','Zainab','Adewumi','wummi.zainab@gmail.com',0,1,'2024-11-22 09:59:37.704998','guardian');
INSERT INTO core_customuser VALUES(16,'pbkdf2_sha256$720000$l1NKgr6dxinZ813MZpMZDZ$xr/eVPl1zO9UwmLuVRqg6k3ga/lsDdSoisbcWPAH+uU=',NULL,0,'Baby','Amira','Ibrahim','bblast@gmail.com',0,1,'2024-11-22 21:27:03.209094','student');
INSERT INTO core_customuser VALUES(17,'pbkdf2_sha256$720000$ZziykZvD9ZcbhSerRQWf7K$LFxthSQmQ/Ud/mC1ktMoU+s7gY++VCRmL6SnPaCRWhk=',NULL,0,'Mimee','Maimuna','Murtala','maimuna.m@gmail.com',0,1,'2024-11-22 21:29:16.108012','student');
INSERT INTO core_customuser VALUES(18,'pbkdf2_sha256$720000$AKzvvQiTNrDbuMeYlp8kZL$4xH67wtZcrxyW/S1JVzoB5HpCGZzNiYC1eERs8GIYsw=',NULL,0,'Junior','Nasir','Adewumi','nasgee@gmail.com',0,1,'2024-11-22 21:31:22.336552','student');
INSERT INTO core_customuser VALUES(19,'pbkdf2_sha256$720000$CDpiVGdSoTxKTrpkXSbe08$gEXda8Zl4HeeRPdBOIEE+6+J1t4UUhwEGcR/XYktiv8=',NULL,0,'Lulu','Laila','Ali','lulumanj@gmail.com',0,1,'2024-11-22 21:34:22.727012','student');
INSERT INTO core_customuser VALUES(20,'pbkdf2_sha256$720000$6eeOa9MNJn0R6QaubAtTCx$IrHwNpUdYgEXGlO4QxN51ss0AUy6mNjFu7P5YMX9Ooo=',NULL,0,'Didee','Mardiyyah','Murtala Kamal','mardiyyah.mk@gmail.com',0,1,'2024-11-22 21:37:42.586254','student');
INSERT INTO core_customuser VALUES(21,'pbkdf2_sha256$720000$xgCm27nBGoLDT6XD12sgpe$x08tA9ZPBQIhr614Nv/FGLxXrDFoihJNvo1NntJPZ/Y=',NULL,0,'Ray','Rayyan','Usman','rayyan.baita@gmail.com',0,1,'2024-11-22 21:40:21.369189','student');
INSERT INTO core_customuser VALUES(22,'pbkdf2_sha256$720000$jeQvMnjenfdPAAG3mQl1Wh$i4wgD/VbEz6dvgtuzXC0tVMJAwYSjjhLXnMHR/aQ39o=',NULL,0,'Umar03','Umar','Musa','umaraffan001@gmail.com',0,1,'2024-12-17 14:33:41.882707','guardian');
INSERT INTO core_customuser VALUES(23,'pbkdf2_sha256$720000$OaTyrXGh2bIiKIotjgWYqA$ZXk+OoyA6laiYG9+rsbnW+KID/a6c7NDJnKSWWIrPRI=',NULL,0,'Ummuhusna','Asma''u Husna','Idris','ummuhusna23@gmail.com',0,1,'2024-12-17 14:36:25.480240','guardian');
INSERT INTO core_customuser VALUES(24,'pbkdf2_sha256$720000$8aGE3tKdUp3Tuu9XSx05rP$HpkM2mafEuONkCKxV63e9cogfphW2L6bPBpY+WKRpGE=',NULL,0,'Musa','Abdullahi','Musa','musa080227@gmail.com',0,1,'2024-12-17 14:51:40.650787','guardian');
INSERT INTO core_customuser VALUES(25,'pbkdf2_sha256$720000$3BCvzBt9PgbCdfizycJgfl$FW5c6ml+fHYLv7yTn7tPocl11gKBgXOOHKvEqVk0G+c=',NULL,0,'Jumrash','Rasheed','Olabisi','rasheed.olabisi@gmail.com',0,1,'2024-12-17 14:57:33.741610','guardian');
INSERT INTO core_customuser VALUES(26,'pbkdf2_sha256$720000$EIRnZscCXfTYtjpgKKFhMm$mtwWmDAc8jHjB4/UlRWtEM1iyX7x+qlO0Q+2QHSR/Bs=',NULL,0,'Sarki','Ibrahim','Sarki Gambo','sarkigambo202@gmail.com',0,1,'2024-12-17 15:01:12.811154','guardian');
INSERT INTO core_customuser VALUES(27,'pbkdf2_sha256$720000$muyRWnpdIhvTtexBaD3OKf$jKE73aab3EFCPdm3ZWwzxhMwgFwirKVSs5089Hhil7c=',NULL,0,'Bilkisu','Bilkisu','Sagir','bilkisusadiq12@gmail.com',0,1,'2024-12-17 15:03:23.287762','guardian');
INSERT INTO core_customuser VALUES(28,'pbkdf2_sha256$720000$v1iA9cpOAEg5qZRyO8M6pd$iPixXfbPdgdTin1DMyFOEJXX/6rmgrHCapfwuV5AqoI=',NULL,0,'Mukhtarjam','Mukhtar','Hussaini','mukhtarjam@gmail.com',0,1,'2024-12-17 15:10:40.319693','guardian');
INSERT INTO core_customuser VALUES(29,'pbkdf2_sha256$720000$B75VRuT9D7lB9pBHm4RGvz$6njH54U41Rf6Y2/SHcF+RShyCYK/6jZLbHRvfXSuTR0=',NULL,0,'Mustapha','Baraka','Mustapha','khazakx123@gmail.com',0,1,'2024-12-17 15:12:57.949646','guardian');
INSERT INTO core_customuser VALUES(30,'pbkdf2_sha256$720000$90OgPkOhQzu97qdnvmhR2d$5sk7veEVUnDMTRU+lMSK5p7khN1gcUq+PsRUWtRMwyU=',NULL,0,'Lawan','Lawan','A Lawan','lawandattisarki13@gmail.com',0,1,'2024-12-17 15:15:11.660796','guardian');
INSERT INTO core_customuser VALUES(31,'pbkdf2_sha256$720000$kO9VlaoeoNJAbFCTm8JIlo$lT9o5UWkvT+X2/GH+NTAJsB34Z8yp0OvxU5VRktHYDw=',NULL,0,'Safiya','Safiya','Mukhtar','mukhtarsafiyah@gmail.com',0,1,'2024-12-17 15:17:18.280493','guardian');
INSERT INTO core_customuser VALUES(32,'pbkdf2_sha256$720000$qbZWgJzbnfylLiMsxTcl26$u5WFJi+KZhwMKMQRrcF7Oe2xkPFZWihYU7XI5vZck2k=',NULL,0,'Malo','Abubakar','Muhammed','mabubakar587@gmail.com',0,1,'2024-12-17 15:19:13.300837','guardian');
INSERT INTO core_customuser VALUES(33,'pbkdf2_sha256$720000$Tfi2sp9IwdBKrS9HOPR2N6$6+grS1ljN8lapm5hLvikuDPdE/8Tn0HdeOnM7RsYBfM=',NULL,0,'Zakariya','Zakariya','Ibrahim','zakariyaibrahim4@gmail.com',0,1,'2024-12-17 15:21:05.625156','guardian');
INSERT INTO core_customuser VALUES(34,'pbkdf2_sha256$720000$JK1a79R5A2R4HqbnBincwD$2imYkfB7a2zwKHd7jhXepiQOXJVlJFVulOqBgdEaVSA=',NULL,0,'Faiza','Faiza','Muhammad','hammadufaiza@gmail.com',0,1,'2024-12-17 15:23:17.442537','guardian');
INSERT INTO core_customuser VALUES(35,'pbkdf2_sha256$720000$AnO4Hyh0XoKLLYfJaiXabr$jVMM7qmInfP1VDpMjNFiwQqQQm2DoON8r7GDjOifO/Q=',NULL,0,'Samiha','Samiha','Ibrahim','abubakararif884@gmail.com',0,1,'2024-12-17 15:26:28.543837','guardian');
INSERT INTO core_customuser VALUES(36,'pbkdf2_sha256$720000$RYpaBPj4xwEfHmUwwjZPN8$khb9+0bvu/tZ5b/JPN7KVOLusK1egO0vcBqyAyLXTi0=',NULL,0,'Thaqib','Muhammad Thaqib','Ishaq','muhammadthaqib3@gmail.com',0,1,'2024-12-17 15:28:16.783728','guardian');
INSERT INTO core_customuser VALUES(37,'pbkdf2_sha256$720000$rBfr6nAxxEdkplQQw5mCg6$N+NdjRjGAfaioqaxKOkrff6LoWX9uzBuxR26tVHUeyg=',NULL,0,'Zulqarnain520','Zulqarnain','Isah','adeizazuljalal@gmail.com',0,1,'2024-12-17 15:31:18.485445','guardian');
INSERT INTO core_customuser VALUES(38,'pbkdf2_sha256$720000$CoO4ZYfOM276qJqWGqejFr$2QbR7H7Mvi1bcQ1cQbfy7guoZa06ChVPJE9c0y87bf0=',NULL,0,'Alfa','Auwal','Sani','auwalsani2005@gmail.com',0,1,'2024-12-17 15:34:40.704418','guardian');
INSERT INTO core_customuser VALUES(39,'pbkdf2_sha256$720000$CorTZz2Ma3yiFYrYdQIDA1$mMNoSe8xa+zCJcRwXAvceBG+rU7/6T2d6vI1ol6jM4w=',NULL,0,'Rabiu','Rabiu','Zakariya','rabiurabi3030@gmail.com',0,1,'2024-12-17 15:36:52.190559','guardian');
INSERT INTO core_customuser VALUES(40,'pbkdf2_sha256$720000$aFprrFHEAVs6OWNA49BeeX$dvUXBqPg8M4sOcSukeTQ9gcld0uNh5tKdalS9gJDmr8=',NULL,0,'YakubuUmar','Yakubu','Umar','yakubuumar450@gmail.com',0,1,'2024-12-17 15:38:51.498239','guardian');
INSERT INTO core_customuser VALUES(41,'pbkdf2_sha256$720000$RyRocaNAygwc50dTnc1aKs$gOPXDevAintV5l+kdAO7GBXtbOeDLniYmnm16GRHgkY=',NULL,0,'DideeMusty','Hauwa','Mustapha','dideemusty@gmail.com',0,1,'2024-12-17 15:44:52.011246','guardian');
INSERT INTO core_customuser VALUES(42,'pbkdf2_sha256$720000$BGrxgPv1miypVEIju9Nrk3$grYrX5UHNPhrf2i3MZJ6qkbTgPKP5q0m1NdgDb59+50=',NULL,0,'Zainab','Zainab','Ibrahim','halimamusa430@gmail.com',0,1,'2024-12-17 15:47:46.356771','guardian');
INSERT INTO core_customuser VALUES(43,'pbkdf2_sha256$720000$dNkyjx2t2Le2zxOVqkFcfR$hu1WPL9gB/UUz3IxubNmBddu9FEwHaPhwGd2MGnfCaA=',NULL,0,'Hasiya','Hasiya','Muhammed','hasiyaauwal1990@gmail.com',0,1,'2024-12-17 15:50:44.295522','guardian');
INSERT INTO core_customuser VALUES(44,'pbkdf2_sha256$720000$F28InsSW1P27r0795hBtra$mkVSHxbosxXCmHgpdiJmxCx8SkD7nFTCenFMc/9DBGA=',NULL,0,'Ubandi','Fatima','Ubandi Muhammad','fatimaubandinuhammed@gmail.com',0,1,'2024-12-17 15:54:52.610714','guardian');
INSERT INTO core_customuser VALUES(45,'pbkdf2_sha256$720000$e11IdySF9V5KArR8W8o9C7$E65UuTXg7cnsCbg8wZcu4YZgtCsr7ioDmdGh3bvtX6A=',NULL,0,'meenah01','Amina','Umar','au83028@gmail.com',0,1,'2024-12-17 15:59:22.422819','guardian');
INSERT INTO core_customuser VALUES(46,'pbkdf2_sha256$720000$CEKnKilYRbrlqsGTkGicNp$gBizryQtijrquNjrXMDDmciJIJ+7iqfUrRrpGCH00vA=',NULL,0,'Ramlatu200','Ramlatu','Abdullahi','ramlatuabdullahi939@gmail.com',0,1,'2024-12-17 16:01:14.962812','guardian');
INSERT INTO core_customuser VALUES(47,'pbkdf2_sha256$720000$Ux50WmhtIave9HwQMLuHQW$iKwRxdLUU2pgpxa11krnCteHyRx/cHazgQr0uUjGhzs=',NULL,0,'Shuaib','Shuaib','Jubril','mohammedjibril1976@gmail.com',0,1,'2024-12-17 16:04:36.090240','guardian');
INSERT INTO core_customuser VALUES(48,'pbkdf2_sha256$720000$ruSNdAodGR9I8mxd6yxqBw$fPp1E3ehfL6VkaYPSXRURZAXuS9EG4rpSWbkzS3r9aI=',NULL,0,'Myaro','Zulkifl','Tanko','zulkiflm.tanko@gmail.com',0,1,'2024-12-17 16:07:26.551819','guardian');
INSERT INTO core_customuser VALUES(49,'pbkdf2_sha256$720000$w9y0OpqqCY1jMhxqLZm8FS$tPlE5oyfZ6yXJyv1JszHZIEiSm458RIYWE28fWYtw7U=',NULL,0,'Nadra','Auwal','Waziri','auwalwaziri48@gmail.com',0,1,'2024-12-17 16:10:32.265675','guardian');
INSERT INTO core_customuser VALUES(50,'pbkdf2_sha256$720000$1Q0uFuEun8TqgVPQtxlwdC$hD3WXxc6oHHTndafDnAtUzYVLbkAerI1vkCMaGP6qJ4=',NULL,0,'Sulaimon1234','Sulaimon','Bello','bello.adetola@yahoo.com',0,1,'2024-12-17 16:13:16.061967','guardian');
INSERT INTO core_customuser VALUES(51,'pbkdf2_sha256$720000$tJrH5FSQyfpuNtIHG1JjMF$CngwxinJ/Lg9NNW1mH+mdtNL+MjjxM+PChHGOW9mJws=',NULL,0,'Shams','Shamsiyya','Muhammad','muhammadshamsiyya85@gmail.com',0,1,'2024-12-17 16:19:41.224186','guardian');
INSERT INTO core_customuser VALUES(52,'pbkdf2_sha256$720000$wXnmFoZVGGgaeTfJgMP9sk$r15FrDu0qe5BLhAPxKYtewSYVaWANeh7ItDIdfV9+Yw=',NULL,0,'Meenert','Amina','Shuaib','shuaibmeenart@gmail.com',0,1,'2024-12-20 13:49:23.239318','teacher');
INSERT INTO core_customuser VALUES(53,'pbkdf2_sha256$720000$6hfxMp5hTJC19hty8l7uMr$hgsMdKM5Gb87e2DwdHTWSbmDfg50+QB2qnbc/WCII4Q=',NULL,0,'bntsani','Rabiatu','Sani Tsamaye','bintusani.rs@gmail.com',0,1,'2024-12-20 13:51:17.047804','teacher');
INSERT INTO core_customuser VALUES(54,'pbkdf2_sha256$720000$rnqduP7pgVNn9T7YyCNPlK$UjKMKG9pCHfFx5lKZ3lQgE0I+ZGIuKSD0PYev8pa/X0=','2024-12-31 13:44:46.840176',0,'Mamarash','Rashidat','Muhammed','rashidat271997@gmail.com',0,1,'2024-12-20 13:53:28.187308','teacher');
INSERT INTO core_customuser VALUES(55,'pbkdf2_sha256$720000$jDXiPqOq6tJ1YCbZ6Kbq6P$gfNnhElBKLhIJFBcg/QRaOsvc73S10Dmwek3CsUb8SQ=',NULL,0,'Marisah','Maryam','Isah','maryammarisaa@gmail.com',0,1,'2024-12-20 13:55:55.273019','teacher');
INSERT INTO core_customuser VALUES(56,'pbkdf2_sha256$720000$QHa1jyRqxg0YfXBDSHkMXd$busMhEW7bxqmBwxsWIjx88TXhVXLhnGBsuXkGk8vNk0=',NULL,0,'Aslamee','Suwaiba','Ukashat Muhammad','aslamukasha@gmail.com',0,1,'2024-12-20 14:03:37.930405','teacher');
INSERT INTO core_customuser VALUES(57,'pbkdf2_sha256$720000$Dq3awIVO3dvHVg6ZEgA3Li$xeHlFOKb8N7q8ay5kvXQG12j+p8wkRYBxd7vXo+ETVA=','2024-12-25 23:53:06.171323',0,'Ibrahim','Hauwa','Ibrahim','hauwannawan@gmail.com',0,1,'2024-12-20 14:07:21.015630','teacher');
INSERT INTO core_customuser VALUES(58,'pbkdf2_sha256$720000$R47fB7pKap2T5vWXYrzdH0$n9jAQbwqL5JnEtXBX9OpdkB1fy3J1H0FgSmPXysjQ9g=','2024-12-26 22:26:46.756331',0,'Nana','Aisha','Abubakar','abubakaraishanana2@gmail.com',0,1,'2024-12-20 14:18:28.822836','teacher');
INSERT INTO core_customuser VALUES(59,'pbkdf2_sha256$720000$NCSLANI64lzh8mTWjNO7ys$+R6cEZ2vUPG7puux5NuVkogqZHAvolKa/rgjjFeoQzM=','2025-01-03 03:37:41.175526',0,'Hussainah','Hussainah','Ibrahim','hussainahibrahim1@gmail.com',0,1,'2024-12-20 14:24:40.189643','teacher');
INSERT INTO core_customuser VALUES(60,'pbkdf2_sha256$720000$WOYSOwUPecm1Dhk8V4yjvS$YqwcyAmzPxdvQ98e1rp3lWKx2/le/TR2x1UY1fByZiQ=','2024-12-27 00:09:07.062519',0,'Hassana','Hassanah','Ibrahim','ibrahimhassanah01@gmail.com',0,1,'2024-12-20 14:27:01.729119','teacher');
INSERT INTO core_customuser VALUES(61,'pbkdf2_sha256$720000$WDOkUuHFYycG3J35B6ttDV$J3IxAsjb1IjLgXgqjBvNZ1V4hxXMTVB4dISVMwG9lQ8=',NULL,0,'Saad','Saad','Sulaiman Sa''idu','saadsuleman021@yahoo.com',0,1,'2024-12-20 15:02:38.470679','teacher');
INSERT INTO core_customuser VALUES(62,'pbkdf2_sha256$720000$aS1MSuilRcRV0xrT30hW96$edFiiB3tJpNLypN2qefMT4GEuJDnTCdwZSSiKUOEfgE=',NULL,0,'Thefaithful','Khadijah','Aliyu Muhammad','aliyukhadijahmuhammad@gmail.com',0,1,'2024-12-20 15:16:55.091253','teacher');
INSERT INTO core_customuser VALUES(63,'pbkdf2_sha256$720000$B4z9YbhGK9xykj92qb977R$Iyo0BN/cY7nbHYLUvwMeMxcbFsF7fiT3gfDKZEx5WBk=',NULL,0,'Beebarh','Habiba','Abdulhadi','abdulhadihabiba49@gmail.com',0,1,'2024-12-20 15:28:01.894177','teacher');
CREATE TABLE IF NOT EXISTS "core_customuser_groups" ("id" SERIAL PRIMARY KEY, "customuser_id" bigint NOT NULL REFERENCES "core_customuser" ("id") DEFERRABLE INITIALLY DEFERRED, "group_id" integer NOT NULL REFERENCES "auth_group" ("id") DEFERRABLE INITIALLY DEFERRED);
CREATE TABLE IF NOT EXISTS "core_customuser_user_permissions" ("id" SERIAL PRIMARY KEY, "customuser_id" bigint NOT NULL REFERENCES "core_customuser" ("id") DEFERRABLE INITIALLY DEFERRED, "permission_id" integer NOT NULL REFERENCES "auth_permission" ("id") DEFERRABLE INITIALLY DEFERRED);
CREATE TABLE IF NOT EXISTS "core_expense" ("id" SERIAL PRIMARY KEY, "description" varchar(255) NOT NULL, "amount" decimal NOT NULL, "expense_date" date NOT NULL);
CREATE TABLE IF NOT EXISTS "core_notification" ("id" SERIAL PRIMARY KEY, "title" varchar(255) NOT NULL, "message" text NOT NULL, "audience" varchar(20) NOT NULL, "created_at" datetime NOT NULL, "expiry_date" date NULL, "is_active" bool NOT NULL);
INSERT INTO core_notification VALUES(1,'Open Day/Orientation','This is to notify all parents that open day program is scheduled November 30, 2024 between 9:00 and 12:30 pm.','guardian','2024-11-29 03:34:22.572756','2024-12-02',1);
INSERT INTO core_notification VALUES(2,'School Resumption','This is to notify all parents that school resumes Monday January 6, 2024','all','2024-12-16 13:31:19.072694','2025-01-31',1);
CREATE TABLE IF NOT EXISTS "core_onlinequestion" ("id" SERIAL PRIMARY KEY, "question_type" varchar(3) NOT NULL, "question_text" text NOT NULL, "options" text NULL CHECK ((JSON_VALID("options") OR "options" IS NULL)), "correct_answer" varchar(255) NULL);
INSERT INTO core_onlinequestion VALUES(1,'SCQ','Which is a number','["a", "v", "12", "h"]','12');
INSERT INTO core_onlinequestion VALUES(2,'SCQ','Choose a number.','["a", "v", "12", "h"]','12');
INSERT INTO core_onlinequestion VALUES(3,'ES','Write numbers 1-10',NULL,NULL);
INSERT INTO core_onlinequestion VALUES(4,'ES','Write numbers 1-10',NULL,NULL);
INSERT INTO core_onlinequestion VALUES(5,'ES','Write numbers 1-10',NULL,NULL);
INSERT INTO core_onlinequestion VALUES(6,'SCQ','Which is ONE?','["1", "2", "3"]','1');
INSERT INTO core_onlinequestion VALUES(7,'SCQ','Which is ONE?','["1", "2", "3"]','1');
CREATE TABLE IF NOT EXISTS "core_session" ("id" SERIAL PRIMARY KEY, "start_date" date NOT NULL, "end_date" date NOT NULL, "is_active" bool NOT NULL);
INSERT INTO core_session VALUES(1,'2024-09-09','2024-07-31',1);
CREATE TABLE IF NOT EXISTS "core_question" ("id" SERIAL PRIMARY KEY, "question_type" varchar(3) NOT NULL, "question_text" text NOT NULL, "options" text NULL CHECK ((JSON_VALID("options") OR "options" IS NULL)), "correct_answer" varchar(255) NULL, "assignment_id" bigint NOT NULL REFERENCES "core_assignment" ("id") DEFERRABLE INITIALLY DEFERRED);
INSERT INTO core_question VALUES(4,'MCQ','Which are verbs?','"[\"work\", \"play\", \"cat\", \"sleep\"]"','work, play, , sleep',10);
INSERT INTO core_question VALUES(5,'ES','Write numbers 1-20',NULL,NULL,12);
INSERT INTO core_question VALUES(6,'SCQ','Select number "Three"','"[\"2\", \"4\", \"6\", \"3\"]"','3',13);
CREATE TABLE IF NOT EXISTS "core_subject" ("id" SERIAL PRIMARY KEY, "name" varchar(50) NOT NULL UNIQUE, "description" text NOT NULL, "subject_weight" integer NOT NULL);
INSERT INTO core_subject VALUES(1,'Mathematics','Basic mathematics including numbers, operations, algebra, geometry and statistics.',3);
INSERT INTO core_subject VALUES(2,'English Studies','A thorough understanding of English including diction, vocabulary, comprehension and creative writing.',3);
INSERT INTO core_subject VALUES(3,'Science','Basic Science for Primary Schools.',2);
INSERT INTO core_subject VALUES(4,'General Knowledge','A combination of different subjects including PHE, Civic Education and Social Studies.',2);
INSERT INTO core_subject VALUES(5,'Chemistry','Secondary level Chemistry',2);
INSERT INTO core_subject VALUES(6,'Physics','Secondary Level Physics',2);
INSERT INTO core_subject VALUES(7,'Literacy','An introduction to English Literacy',2);
INSERT INTO core_subject VALUES(8,'Numeracy','An introduction to numbers and operations.',2);
INSERT INTO core_subject VALUES(9,'Arabiyya','Introduction to Arabic Vocabulary and Speech.',2);
INSERT INTO core_subject VALUES(10,'History','A systematic recount of Nigerian and African History',2);
INSERT INTO core_subject VALUES(11,'Qur''an','Teaching, recitation and memorization of the Qur''an',2);
INSERT INTO core_subject VALUES(12,'ICT','Key topics in information and communications technology.',2);
INSERT INTO core_subject VALUES(14,'Biology','Secondary school biology',2);
INSERT INTO core_subject VALUES(15,'Civic Education','A study of Nigerian civic education.',2);
INSERT INTO core_subject VALUES(16,'Economics','Secondary level economics.',2);
INSERT INTO core_subject VALUES(17,'Further Mathematics','An additional studies in addition to classical mathematics',2);
INSERT INTO core_subject VALUES(18,'Government','Secondary school government.',2);
INSERT INTO core_subject VALUES(19,'Literature','A study of literature in English.',2);
INSERT INTO core_subject VALUES(20,'Islamic Ethics','A simplified and comprehensive study of Islamic sciences.',2);
INSERT INTO core_subject VALUES(21,'Qira''ah','A basic study of Arabic literacy.',2);
INSERT INTO core_subject VALUES(22,'PSED','Physical, Social and emotional development.',2);
INSERT INTO core_subject VALUES(23,'Creative Art','A study of cultural and creative arts.',1);
INSERT INTO core_subject VALUES(25,'Diction','A study of English Diction',1);
INSERT INTO core_subject VALUES(26,'Nursery Rhymes','A recount of English rhymes.',1);
CREATE TABLE IF NOT EXISTS "core_exam" ("id" SERIAL PRIMARY KEY, "title" varchar(255) NULL, "short_description" varchar(500) NULL, "date" date NOT NULL, "score" integer NULL, "is_online" bool NOT NULL, "due_date" datetime NULL, "duration" integer NULL, "class_assigned_id" bigint NOT NULL REFERENCES "core_class" ("id") DEFERRABLE INITIALLY DEFERRED, "subject_id" bigint NOT NULL REFERENCES "core_subject" ("id") DEFERRABLE INITIALLY DEFERRED);
CREATE TABLE IF NOT EXISTS "core_exam_questions" ("id" SERIAL PRIMARY KEY, "exam_id" bigint NOT NULL REFERENCES "core_exam" ("id") DEFERRABLE INITIALLY DEFERRED, "onlinequestion_id" bigint NOT NULL REFERENCES "core_onlinequestion" ("id") DEFERRABLE INITIALLY DEFERRED);
CREATE TABLE IF NOT EXISTS "core_class_subjects" ("id" SERIAL PRIMARY KEY, "class_id" bigint NOT NULL REFERENCES "core_class" ("id") DEFERRABLE INITIALLY DEFERRED, "subject_id" bigint NOT NULL REFERENCES "core_subject" ("id") DEFERRABLE INITIALLY DEFERRED);
INSERT INTO core_class_subjects VALUES(1,2,25);
INSERT INTO core_class_subjects VALUES(2,2,7);
INSERT INTO core_class_subjects VALUES(3,2,8);
INSERT INTO core_class_subjects VALUES(4,2,9);
INSERT INTO core_class_subjects VALUES(5,2,11);
INSERT INTO core_class_subjects VALUES(6,2,21);
INSERT INTO core_class_subjects VALUES(7,2,23);
INSERT INTO core_class_subjects VALUES(8,2,26);
INSERT INTO core_class_subjects VALUES(9,3,7);
INSERT INTO core_class_subjects VALUES(10,3,8);
INSERT INTO core_class_subjects VALUES(11,3,9);
INSERT INTO core_class_subjects VALUES(12,3,11);
INSERT INTO core_class_subjects VALUES(13,3,21);
INSERT INTO core_class_subjects VALUES(14,3,22);
INSERT INTO core_class_subjects VALUES(15,3,23);
INSERT INTO core_class_subjects VALUES(16,3,25);
INSERT INTO core_class_subjects VALUES(17,4,1);
INSERT INTO core_class_subjects VALUES(18,4,2);
INSERT INTO core_class_subjects VALUES(19,4,3);
INSERT INTO core_class_subjects VALUES(20,4,4);
INSERT INTO core_class_subjects VALUES(21,4,9);
INSERT INTO core_class_subjects VALUES(22,4,11);
INSERT INTO core_class_subjects VALUES(23,4,21);
INSERT INTO core_class_subjects VALUES(24,4,22);
INSERT INTO core_class_subjects VALUES(25,4,23);
INSERT INTO core_class_subjects VALUES(26,4,25);
INSERT INTO core_class_subjects VALUES(27,5,1);
INSERT INTO core_class_subjects VALUES(28,5,2);
INSERT INTO core_class_subjects VALUES(29,5,3);
INSERT INTO core_class_subjects VALUES(30,5,4);
INSERT INTO core_class_subjects VALUES(31,5,9);
INSERT INTO core_class_subjects VALUES(32,5,11);
INSERT INTO core_class_subjects VALUES(33,5,21);
INSERT INTO core_class_subjects VALUES(34,5,23);
INSERT INTO core_class_subjects VALUES(35,5,25);
INSERT INTO core_class_subjects VALUES(36,6,1);
INSERT INTO core_class_subjects VALUES(37,6,2);
INSERT INTO core_class_subjects VALUES(38,6,3);
INSERT INTO core_class_subjects VALUES(39,6,4);
INSERT INTO core_class_subjects VALUES(40,6,9);
INSERT INTO core_class_subjects VALUES(41,6,10);
INSERT INTO core_class_subjects VALUES(42,6,11);
INSERT INTO core_class_subjects VALUES(43,6,21);
INSERT INTO core_class_subjects VALUES(44,6,23);
INSERT INTO core_class_subjects VALUES(45,6,25);
INSERT INTO core_class_subjects VALUES(46,7,1);
INSERT INTO core_class_subjects VALUES(47,7,2);
INSERT INTO core_class_subjects VALUES(48,7,3);
INSERT INTO core_class_subjects VALUES(49,7,4);
INSERT INTO core_class_subjects VALUES(50,7,9);
INSERT INTO core_class_subjects VALUES(51,7,10);
INSERT INTO core_class_subjects VALUES(52,7,11);
INSERT INTO core_class_subjects VALUES(53,7,12);
INSERT INTO core_class_subjects VALUES(54,7,20);
INSERT INTO core_class_subjects VALUES(55,7,21);
INSERT INTO core_class_subjects VALUES(56,7,23);
INSERT INTO core_class_subjects VALUES(57,7,25);
INSERT INTO core_class_subjects VALUES(58,8,1);
INSERT INTO core_class_subjects VALUES(59,8,2);
INSERT INTO core_class_subjects VALUES(60,8,3);
INSERT INTO core_class_subjects VALUES(61,8,4);
INSERT INTO core_class_subjects VALUES(62,8,9);
INSERT INTO core_class_subjects VALUES(63,8,10);
INSERT INTO core_class_subjects VALUES(64,8,11);
INSERT INTO core_class_subjects VALUES(65,8,12);
INSERT INTO core_class_subjects VALUES(66,8,20);
INSERT INTO core_class_subjects VALUES(67,8,21);
INSERT INTO core_class_subjects VALUES(68,8,23);
INSERT INTO core_class_subjects VALUES(69,8,25);
INSERT INTO core_class_subjects VALUES(70,9,1);
INSERT INTO core_class_subjects VALUES(71,9,2);
INSERT INTO core_class_subjects VALUES(72,9,3);
INSERT INTO core_class_subjects VALUES(73,9,4);
INSERT INTO core_class_subjects VALUES(74,9,9);
INSERT INTO core_class_subjects VALUES(75,9,10);
INSERT INTO core_class_subjects VALUES(76,9,11);
INSERT INTO core_class_subjects VALUES(77,9,12);
INSERT INTO core_class_subjects VALUES(78,9,20);
INSERT INTO core_class_subjects VALUES(79,9,21);
INSERT INTO core_class_subjects VALUES(80,9,23);
INSERT INTO core_class_subjects VALUES(81,9,25);
INSERT INTO core_class_subjects VALUES(82,10,1);
INSERT INTO core_class_subjects VALUES(83,10,2);
INSERT INTO core_class_subjects VALUES(84,10,5);
INSERT INTO core_class_subjects VALUES(85,10,6);
INSERT INTO core_class_subjects VALUES(86,10,9);
INSERT INTO core_class_subjects VALUES(87,10,10);
INSERT INTO core_class_subjects VALUES(88,10,11);
INSERT INTO core_class_subjects VALUES(89,10,14);
INSERT INTO core_class_subjects VALUES(90,10,15);
INSERT INTO core_class_subjects VALUES(91,10,16);
INSERT INTO core_class_subjects VALUES(92,10,19);
INSERT INTO core_class_subjects VALUES(93,10,20);
INSERT INTO core_class_subjects VALUES(94,11,1);
INSERT INTO core_class_subjects VALUES(95,11,2);
INSERT INTO core_class_subjects VALUES(96,11,5);
INSERT INTO core_class_subjects VALUES(97,11,6);
INSERT INTO core_class_subjects VALUES(98,11,9);
INSERT INTO core_class_subjects VALUES(99,11,10);
INSERT INTO core_class_subjects VALUES(100,11,11);
INSERT INTO core_class_subjects VALUES(101,11,14);
INSERT INTO core_class_subjects VALUES(102,11,15);
INSERT INTO core_class_subjects VALUES(103,11,16);
INSERT INTO core_class_subjects VALUES(104,11,17);
INSERT INTO core_class_subjects VALUES(105,11,19);
INSERT INTO core_class_subjects VALUES(106,11,20);
INSERT INTO core_class_subjects VALUES(107,12,1);
INSERT INTO core_class_subjects VALUES(108,12,2);
INSERT INTO core_class_subjects VALUES(109,12,5);
INSERT INTO core_class_subjects VALUES(110,12,6);
INSERT INTO core_class_subjects VALUES(111,12,9);
INSERT INTO core_class_subjects VALUES(112,12,10);
INSERT INTO core_class_subjects VALUES(113,12,11);
INSERT INTO core_class_subjects VALUES(114,12,14);
INSERT INTO core_class_subjects VALUES(115,12,15);
INSERT INTO core_class_subjects VALUES(116,12,16);
INSERT INTO core_class_subjects VALUES(117,12,17);
INSERT INTO core_class_subjects VALUES(118,12,18);
INSERT INTO core_class_subjects VALUES(119,12,19);
INSERT INTO core_class_subjects VALUES(120,12,20);
INSERT INTO core_class_subjects VALUES(121,13,1);
INSERT INTO core_class_subjects VALUES(122,13,2);
INSERT INTO core_class_subjects VALUES(123,13,5);
INSERT INTO core_class_subjects VALUES(124,13,6);
INSERT INTO core_class_subjects VALUES(125,13,9);
INSERT INTO core_class_subjects VALUES(126,13,11);
INSERT INTO core_class_subjects VALUES(127,13,14);
INSERT INTO core_class_subjects VALUES(128,13,15);
INSERT INTO core_class_subjects VALUES(129,13,16);
INSERT INTO core_class_subjects VALUES(130,13,17);
INSERT INTO core_class_subjects VALUES(131,13,18);
INSERT INTO core_class_subjects VALUES(132,13,19);
INSERT INTO core_class_subjects VALUES(133,13,20);
INSERT INTO core_class_subjects VALUES(134,14,1);
INSERT INTO core_class_subjects VALUES(135,14,2);
INSERT INTO core_class_subjects VALUES(136,14,5);
INSERT INTO core_class_subjects VALUES(137,14,6);
INSERT INTO core_class_subjects VALUES(138,14,9);
INSERT INTO core_class_subjects VALUES(139,14,11);
INSERT INTO core_class_subjects VALUES(140,14,14);
INSERT INTO core_class_subjects VALUES(141,14,15);
INSERT INTO core_class_subjects VALUES(142,14,16);
INSERT INTO core_class_subjects VALUES(143,14,17);
INSERT INTO core_class_subjects VALUES(144,14,18);
INSERT INTO core_class_subjects VALUES(145,14,19);
INSERT INTO core_class_subjects VALUES(146,14,20);
CREATE TABLE IF NOT EXISTS "core_assessment_questions" ("id" SERIAL PRIMARY KEY, "assessment_id" bigint NOT NULL REFERENCES "core_assessment" ("id") DEFERRABLE INITIALLY DEFERRED, "onlinequestion_id" bigint NOT NULL REFERENCES "core_onlinequestion" ("id") DEFERRABLE INITIALLY DEFERRED);
INSERT INTO core_assessment_questions VALUES(7,3,7);
CREATE TABLE IF NOT EXISTS "core_subjectresult" ("id" SERIAL PRIMARY KEY, "continuous_assessment_1" decimal NULL, "continuous_assessment_2" decimal NULL, "continuous_assessment_3" decimal NULL, "assignment" decimal NULL, "oral_test" decimal NULL, "exam_score" decimal NULL, "is_finalized" bool NOT NULL, "result_id" bigint NOT NULL REFERENCES "core_result" ("id") DEFERRABLE INITIALLY DEFERRED, "subject_id" bigint NOT NULL REFERENCES "core_subject" ("id") DEFERRABLE INITIALLY DEFERRED);
INSERT INTO core_subjectresult VALUES(1,9,9,9,9,18,28,1,1,8);
INSERT INTO core_subjectresult VALUES(2,8,8,9,9,15,27,1,1,7);
INSERT INTO core_subjectresult VALUES(3,NULL,NULL,NULL,NULL,NULL,NULL,1,2,1);
INSERT INTO core_subjectresult VALUES(4,7,8,8,8,12,30,1,2,2);
INSERT INTO core_subjectresult VALUES(10,NULL,NULL,NULL,NULL,NULL,NULL,1,6,3);
INSERT INTO core_subjectresult VALUES(11,NULL,NULL,NULL,NULL,NULL,NULL,1,6,7);
INSERT INTO core_subjectresult VALUES(12,NULL,NULL,NULL,NULL,NULL,NULL,1,6,9);
INSERT INTO core_subjectresult VALUES(13,NULL,NULL,NULL,NULL,NULL,NULL,1,6,11);
INSERT INTO core_subjectresult VALUES(14,NULL,NULL,NULL,NULL,NULL,NULL,1,2,3);
INSERT INTO core_subjectresult VALUES(15,NULL,NULL,NULL,NULL,NULL,NULL,1,6,8);
INSERT INTO core_subjectresult VALUES(16,NULL,NULL,NULL,NULL,NULL,NULL,1,2,8);
INSERT INTO core_subjectresult VALUES(17,NULL,NULL,NULL,NULL,NULL,NULL,1,7,2);
INSERT INTO core_subjectresult VALUES(18,NULL,NULL,NULL,NULL,NULL,NULL,1,7,1);
INSERT INTO core_subjectresult VALUES(19,NULL,NULL,NULL,NULL,NULL,NULL,1,8,1);
INSERT INTO core_subjectresult VALUES(20,NULL,NULL,NULL,NULL,NULL,NULL,1,9,1);
INSERT INTO core_subjectresult VALUES(21,NULL,NULL,NULL,NULL,NULL,NULL,1,7,3);
INSERT INTO core_subjectresult VALUES(22,NULL,NULL,NULL,NULL,NULL,NULL,1,8,3);
INSERT INTO core_subjectresult VALUES(23,NULL,NULL,NULL,NULL,NULL,NULL,1,9,3);
INSERT INTO core_subjectresult VALUES(24,NULL,NULL,NULL,NULL,NULL,NULL,1,1,25);
CREATE TABLE IF NOT EXISTS "core_term" ("id" SERIAL PRIMARY KEY, "name" varchar(20) NOT NULL, "start_date" date NOT NULL, "end_date" date NOT NULL, "is_active" bool NOT NULL, "session_id" bigint NOT NULL REFERENCES "core_session" ("id") DEFERRABLE INITIALLY DEFERRED);
INSERT INTO core_term VALUES(1,'First Term','2024-09-09','2024-12-11',1,1);
INSERT INTO core_term VALUES(3,'Second Term','2025-01-06','2025-04-11',0,1);
CREATE TABLE IF NOT EXISTS "core_schoolday" ("id" SERIAL PRIMARY KEY, "date" date NOT NULL UNIQUE, "term_id" bigint NOT NULL REFERENCES "core_term" ("id") DEFERRABLE INITIALLY DEFERRED);
INSERT INTO core_schoolday VALUES(1,'2024-09-09',1);
INSERT INTO core_schoolday VALUES(2,'2024-09-10',1);
INSERT INTO core_schoolday VALUES(3,'2024-09-11',1);
INSERT INTO core_schoolday VALUES(4,'2024-09-12',1);
INSERT INTO core_schoolday VALUES(5,'2024-09-13',1);
INSERT INTO core_schoolday VALUES(6,'2024-09-14',1);
INSERT INTO core_schoolday VALUES(7,'2024-09-15',1);
INSERT INTO core_schoolday VALUES(8,'2024-09-16',1);
INSERT INTO core_schoolday VALUES(9,'2024-09-17',1);
INSERT INTO core_schoolday VALUES(10,'2024-09-18',1);
INSERT INTO core_schoolday VALUES(11,'2024-09-19',1);
INSERT INTO core_schoolday VALUES(12,'2024-09-20',1);
INSERT INTO core_schoolday VALUES(13,'2024-09-21',1);
INSERT INTO core_schoolday VALUES(14,'2024-09-22',1);
INSERT INTO core_schoolday VALUES(15,'2024-09-23',1);
INSERT INTO core_schoolday VALUES(16,'2024-09-24',1);
INSERT INTO core_schoolday VALUES(17,'2024-09-25',1);
INSERT INTO core_schoolday VALUES(18,'2024-09-26',1);
INSERT INTO core_schoolday VALUES(19,'2024-09-27',1);
INSERT INTO core_schoolday VALUES(20,'2024-09-28',1);
INSERT INTO core_schoolday VALUES(21,'2024-09-29',1);
INSERT INTO core_schoolday VALUES(22,'2024-09-30',1);
INSERT INTO core_schoolday VALUES(23,'2024-10-01',1);
INSERT INTO core_schoolday VALUES(24,'2024-10-02',1);
INSERT INTO core_schoolday VALUES(25,'2024-10-03',1);
INSERT INTO core_schoolday VALUES(26,'2024-10-04',1);
INSERT INTO core_schoolday VALUES(27,'2024-10-05',1);
INSERT INTO core_schoolday VALUES(28,'2024-10-06',1);
INSERT INTO core_schoolday VALUES(29,'2024-10-07',1);
INSERT INTO core_schoolday VALUES(30,'2024-10-08',1);
INSERT INTO core_schoolday VALUES(31,'2024-10-09',1);
INSERT INTO core_schoolday VALUES(32,'2024-10-10',1);
INSERT INTO core_schoolday VALUES(33,'2024-10-11',1);
INSERT INTO core_schoolday VALUES(34,'2024-10-12',1);
INSERT INTO core_schoolday VALUES(35,'2024-10-13',1);
INSERT INTO core_schoolday VALUES(36,'2024-10-14',1);
INSERT INTO core_schoolday VALUES(37,'2024-10-15',1);
INSERT INTO core_schoolday VALUES(38,'2024-10-16',1);
INSERT INTO core_schoolday VALUES(39,'2024-10-17',1);
INSERT INTO core_schoolday VALUES(40,'2024-10-18',1);
INSERT INTO core_schoolday VALUES(41,'2024-10-19',1);
INSERT INTO core_schoolday VALUES(42,'2024-10-20',1);
INSERT INTO core_schoolday VALUES(43,'2024-10-21',1);
INSERT INTO core_schoolday VALUES(44,'2024-10-22',1);
INSERT INTO core_schoolday VALUES(45,'2024-10-23',1);
INSERT INTO core_schoolday VALUES(46,'2024-10-24',1);
INSERT INTO core_schoolday VALUES(47,'2024-10-25',1);
INSERT INTO core_schoolday VALUES(48,'2024-10-26',1);
INSERT INTO core_schoolday VALUES(49,'2024-10-27',1);
INSERT INTO core_schoolday VALUES(50,'2024-10-28',1);
INSERT INTO core_schoolday VALUES(51,'2024-10-29',1);
INSERT INTO core_schoolday VALUES(52,'2024-10-30',1);
INSERT INTO core_schoolday VALUES(53,'2024-10-31',1);
INSERT INTO core_schoolday VALUES(54,'2024-11-01',1);
INSERT INTO core_schoolday VALUES(55,'2024-11-02',1);
INSERT INTO core_schoolday VALUES(56,'2024-11-03',1);
INSERT INTO core_schoolday VALUES(57,'2024-11-04',1);
INSERT INTO core_schoolday VALUES(58,'2024-11-05',1);
INSERT INTO core_schoolday VALUES(59,'2024-11-06',1);
INSERT INTO core_schoolday VALUES(60,'2024-11-07',1);
INSERT INTO core_schoolday VALUES(61,'2024-11-08',1);
INSERT INTO core_schoolday VALUES(62,'2024-11-09',1);
INSERT INTO core_schoolday VALUES(63,'2024-11-10',1);
INSERT INTO core_schoolday VALUES(64,'2024-11-11',1);
INSERT INTO core_schoolday VALUES(65,'2024-11-12',1);
INSERT INTO core_schoolday VALUES(66,'2024-11-13',1);
INSERT INTO core_schoolday VALUES(67,'2024-11-14',1);
INSERT INTO core_schoolday VALUES(68,'2024-11-15',1);
INSERT INTO core_schoolday VALUES(69,'2024-11-16',1);
INSERT INTO core_schoolday VALUES(70,'2024-11-17',1);
INSERT INTO core_schoolday VALUES(71,'2024-11-18',1);
INSERT INTO core_schoolday VALUES(72,'2024-11-19',1);
INSERT INTO core_schoolday VALUES(73,'2024-11-20',1);
INSERT INTO core_schoolday VALUES(74,'2024-11-21',1);
INSERT INTO core_schoolday VALUES(75,'2024-11-22',1);
INSERT INTO core_schoolday VALUES(76,'2024-11-23',1);
INSERT INTO core_schoolday VALUES(77,'2024-11-24',1);
INSERT INTO core_schoolday VALUES(78,'2024-11-25',1);
INSERT INTO core_schoolday VALUES(79,'2024-11-26',1);
INSERT INTO core_schoolday VALUES(80,'2024-11-27',1);
INSERT INTO core_schoolday VALUES(81,'2024-11-28',1);
INSERT INTO core_schoolday VALUES(82,'2024-11-29',1);
INSERT INTO core_schoolday VALUES(83,'2024-11-30',1);
INSERT INTO core_schoolday VALUES(84,'2024-12-01',1);
INSERT INTO core_schoolday VALUES(85,'2024-12-02',1);
INSERT INTO core_schoolday VALUES(86,'2024-12-03',1);
INSERT INTO core_schoolday VALUES(87,'2024-12-04',1);
INSERT INTO core_schoolday VALUES(88,'2024-12-05',1);
INSERT INTO core_schoolday VALUES(89,'2024-12-06',1);
INSERT INTO core_schoolday VALUES(90,'2024-12-07',1);
INSERT INTO core_schoolday VALUES(91,'2024-12-08',1);
INSERT INTO core_schoolday VALUES(92,'2024-12-09',1);
INSERT INTO core_schoolday VALUES(93,'2024-12-10',1);
INSERT INTO core_schoolday VALUES(94,'2024-12-11',1);
CREATE TABLE IF NOT EXISTS "core_holiday" ("id" SERIAL PRIMARY KEY, "name" varchar(100) NOT NULL, "date" date NOT NULL, "term_id" bigint NOT NULL REFERENCES "core_term" ("id") DEFERRABLE INITIALLY DEFERRED);
CREATE TABLE IF NOT EXISTS "core_feeassignment" ("id" SERIAL PRIMARY KEY, "amount" decimal NOT NULL, "class_instance_id" bigint NOT NULL REFERENCES "core_class" ("id") DEFERRABLE INITIALLY DEFERRED, "term_id" bigint NOT NULL REFERENCES "core_term" ("id") DEFERRABLE INITIALLY DEFERRED);
INSERT INTO core_feeassignment VALUES(18,33000,2,1);
INSERT INTO core_feeassignment VALUES(19,34000,3,1);
INSERT INTO core_feeassignment VALUES(20,35000,4,1);
INSERT INTO core_feeassignment VALUES(21,36000,5,1);
INSERT INTO core_feeassignment VALUES(22,37000,6,1);
INSERT INTO core_feeassignment VALUES(23,38000,7,1);
INSERT INTO core_feeassignment VALUES(24,39000,8,1);
INSERT INTO core_feeassignment VALUES(25,40000,9,1);
INSERT INTO core_feeassignment VALUES(26,45000,10,1);
INSERT INTO core_feeassignment VALUES(27,48000,11,1);
INSERT INTO core_feeassignment VALUES(28,52000,12,1);
INSERT INTO core_feeassignment VALUES(29,55000,13,1);
INSERT INTO core_feeassignment VALUES(30,55000,14,1);
CREATE TABLE IF NOT EXISTS "core_studentfeerecord" ("id" SERIAL PRIMARY KEY, "amount" decimal NOT NULL, "discount" decimal NOT NULL, "waiver" bool NOT NULL, "net_fee" decimal NOT NULL, "fee_assignment_id" bigint NOT NULL REFERENCES "core_feeassignment" ("id") DEFERRABLE INITIALLY DEFERRED, "term_id" bigint NOT NULL REFERENCES "core_term" ("id") DEFERRABLE INITIALLY DEFERRED, "student_id" bigint NOT NULL REFERENCES "core_student" ("user_id") DEFERRABLE INITIALLY DEFERRED);
INSERT INTO core_studentfeerecord VALUES(11,45000,0,0,45000,26,1,8);
INSERT INTO core_studentfeerecord VALUES(12,33000,0,0,33000,18,1,10);
INSERT INTO core_studentfeerecord VALUES(13,34000,0,0,34000,19,1,12);
INSERT INTO core_studentfeerecord VALUES(14,39000,0,0,39000,24,1,13);
INSERT INTO core_studentfeerecord VALUES(15,36000,0,0,36000,21,1,16);
INSERT INTO core_studentfeerecord VALUES(16,37000,0,0,37000,22,1,17);
INSERT INTO core_studentfeerecord VALUES(17,38000,0,0,38000,23,1,18);
INSERT INTO core_studentfeerecord VALUES(18,45000,0,0,45000,26,1,19);
INSERT INTO core_studentfeerecord VALUES(19,48000,0,0,48000,27,1,20);
INSERT INTO core_studentfeerecord VALUES(20,34000,0,0,34000,19,1,21);
CREATE TABLE IF NOT EXISTS "core_result" ("id" SERIAL PRIMARY KEY, "teacher_remarks" text NULL, "principal_remarks" text NULL, "attendance_percentage" decimal NULL, "punctuality" integer NULL, "diligence" integer NULL, "cooperation" integer NULL, "respectfulness" integer NULL, "sportsmanship" integer NULL, "agility" integer NULL, "creativity" integer NULL, "hand_eye_coordination" integer NULL, "term_id" bigint NOT NULL REFERENCES "core_term" ("id") DEFERRABLE INITIALLY DEFERRED, "student_id" bigint NOT NULL REFERENCES "core_student" ("user_id") DEFERRABLE INITIALLY DEFERRED);
INSERT INTO core_result VALUES(1,'','',NULL,4,3,4,3,3,4,2,3,1,10);
INSERT INTO core_result VALUES(2,NULL,NULL,NULL,NULL,NULL,NULL,NULL,NULL,NULL,NULL,NULL,1,21);
INSERT INTO core_result VALUES(6,NULL,NULL,NULL,NULL,NULL,NULL,NULL,NULL,NULL,NULL,NULL,1,12);
INSERT INTO core_result VALUES(7,NULL,NULL,NULL,NULL,NULL,NULL,NULL,NULL,NULL,NULL,NULL,1,17);
INSERT INTO core_result VALUES(8,NULL,NULL,NULL,NULL,NULL,NULL,NULL,NULL,NULL,NULL,NULL,1,18);
INSERT INTO core_result VALUES(9,NULL,NULL,NULL,NULL,NULL,NULL,NULL,NULL,NULL,NULL,NULL,1,13);
CREATE TABLE IF NOT EXISTS "core_payment" ("id" SERIAL PRIMARY KEY, "amount_paid" decimal NOT NULL, "payment_date" date NOT NULL, "financial_record_id" bigint NOT NULL REFERENCES "core_financialrecord" ("id") DEFERRABLE INITIALLY DEFERRED, "term_id" bigint NOT NULL REFERENCES "core_term" ("id") DEFERRABLE INITIALLY DEFERRED, "student_id" bigint NOT NULL REFERENCES "core_student" ("user_id") DEFERRABLE INITIALLY DEFERRED);
INSERT INTO core_payment VALUES(1,37000,'2024-11-22',1,1,8);
INSERT INTO core_payment VALUES(2,20000,'2024-11-22',2,1,12);
INSERT INTO core_payment VALUES(3,33000,'2024-11-29',3,1,10);
INSERT INTO core_payment VALUES(4,30000,'2024-11-29',4,1,16);
CREATE TABLE IF NOT EXISTS "core_financialrecord" ("id" SERIAL PRIMARY KEY, "total_fee" decimal NOT NULL, "total_discount" decimal NOT NULL, "total_paid" decimal NOT NULL, "outstanding_balance" decimal NOT NULL, "archived" bool NOT NULL, "term_id" bigint NOT NULL REFERENCES "core_term" ("id") DEFERRABLE INITIALLY DEFERRED, "student_id" bigint NOT NULL REFERENCES "core_student" ("user_id") DEFERRABLE INITIALLY DEFERRED);
INSERT INTO core_financialrecord VALUES(1,37000,0,37000,0,0,1,8);
INSERT INTO core_financialrecord VALUES(2,37000,0,20000,17000,0,1,12);
INSERT INTO core_financialrecord VALUES(3,33000,0,33000,0,0,1,10);
INSERT INTO core_financialrecord VALUES(4,36000,0,30000,6000,0,1,16);
CREATE TABLE IF NOT EXISTS "core_enrollment" ("id" SERIAL PRIMARY KEY, "is_active" bool NOT NULL, "class_enrolled_id" bigint NOT NULL REFERENCES "core_class" ("id") DEFERRABLE INITIALLY DEFERRED, "session_id" bigint NOT NULL REFERENCES "core_session" ("id") DEFERRABLE INITIALLY DEFERRED, "term_id" bigint NOT NULL REFERENCES "core_term" ("id") DEFERRABLE INITIALLY DEFERRED, "student_id" bigint NOT NULL REFERENCES "core_student" ("user_id") DEFERRABLE INITIALLY DEFERRED);
INSERT INTO core_enrollment VALUES(1,0,10,1,1,8);
INSERT INTO core_enrollment VALUES(2,0,10,1,1,8);
INSERT INTO core_enrollment VALUES(3,0,10,1,1,8);
CREATE TABLE IF NOT EXISTS "core_class_students" ("id" SERIAL PRIMARY KEY, "class_id" bigint NOT NULL REFERENCES "core_class" ("id") DEFERRABLE INITIALLY DEFERRED, "student_id" bigint NOT NULL REFERENCES "core_student" ("user_id") DEFERRABLE INITIALLY DEFERRED);
INSERT INTO core_class_students VALUES(6,10,8);
INSERT INTO core_class_students VALUES(7,2,10);
INSERT INTO core_class_students VALUES(8,3,12);
INSERT INTO core_class_students VALUES(9,5,16);
INSERT INTO core_class_students VALUES(10,6,17);
INSERT INTO core_class_students VALUES(11,7,18);
INSERT INTO core_class_students VALUES(12,8,13);
INSERT INTO core_class_students VALUES(13,9,19);
INSERT INTO core_class_students VALUES(14,11,20);
INSERT INTO core_class_students VALUES(15,4,21);
CREATE TABLE IF NOT EXISTS "core_classsubjectassignment" ("id" SERIAL PRIMARY KEY, "class_assigned_id" bigint NOT NULL REFERENCES "core_class" ("id") DEFERRABLE INITIALLY DEFERRED, "session_id" bigint NOT NULL REFERENCES "core_session" ("id") DEFERRABLE INITIALLY DEFERRED, "subject_id" bigint NOT NULL REFERENCES "core_subject" ("id") DEFERRABLE INITIALLY DEFERRED, "term_id" bigint NOT NULL REFERENCES "core_term" ("id") DEFERRABLE INITIALLY DEFERRED);
INSERT INTO core_classsubjectassignment VALUES(44,3,1,7,1);
INSERT INTO core_classsubjectassignment VALUES(45,3,1,8,1);
INSERT INTO core_classsubjectassignment VALUES(47,4,1,1,1);
INSERT INTO core_classsubjectassignment VALUES(48,4,1,2,1);
INSERT INTO core_classsubjectassignment VALUES(49,4,1,3,1);
INSERT INTO core_classsubjectassignment VALUES(50,4,1,4,1);
INSERT INTO core_classsubjectassignment VALUES(51,5,1,1,1);
INSERT INTO core_classsubjectassignment VALUES(52,5,1,2,1);
INSERT INTO core_classsubjectassignment VALUES(53,5,1,3,1);
INSERT INTO core_classsubjectassignment VALUES(54,5,1,4,1);
INSERT INTO core_classsubjectassignment VALUES(55,5,1,9,1);
INSERT INTO core_classsubjectassignment VALUES(56,4,1,9,1);
INSERT INTO core_classsubjectassignment VALUES(57,7,1,1,1);
INSERT INTO core_classsubjectassignment VALUES(58,7,1,2,1);
INSERT INTO core_classsubjectassignment VALUES(59,7,1,3,1);
INSERT INTO core_classsubjectassignment VALUES(60,7,1,4,1);
INSERT INTO core_classsubjectassignment VALUES(61,7,1,9,1);
INSERT INTO core_classsubjectassignment VALUES(62,8,1,1,1);
INSERT INTO core_classsubjectassignment VALUES(63,8,1,2,1);
INSERT INTO core_classsubjectassignment VALUES(64,8,1,3,1);
INSERT INTO core_classsubjectassignment VALUES(65,8,1,4,1);
INSERT INTO core_classsubjectassignment VALUES(66,8,1,9,1);
INSERT INTO core_classsubjectassignment VALUES(67,9,1,1,1);
INSERT INTO core_classsubjectassignment VALUES(68,9,1,2,1);
INSERT INTO core_classsubjectassignment VALUES(69,9,1,3,1);
INSERT INTO core_classsubjectassignment VALUES(70,9,1,4,1);
INSERT INTO core_classsubjectassignment VALUES(71,9,1,9,1);
INSERT INTO core_classsubjectassignment VALUES(72,10,1,1,1);
INSERT INTO core_classsubjectassignment VALUES(73,10,1,2,1);
INSERT INTO core_classsubjectassignment VALUES(74,10,1,5,1);
INSERT INTO core_classsubjectassignment VALUES(75,10,1,6,1);
INSERT INTO core_classsubjectassignment VALUES(76,10,1,9,1);
INSERT INTO core_classsubjectassignment VALUES(77,11,1,1,1);
INSERT INTO core_classsubjectassignment VALUES(78,11,1,2,1);
INSERT INTO core_classsubjectassignment VALUES(79,11,1,5,1);
INSERT INTO core_classsubjectassignment VALUES(80,11,1,6,1);
INSERT INTO core_classsubjectassignment VALUES(81,11,1,9,1);
INSERT INTO core_classsubjectassignment VALUES(82,2,1,7,1);
INSERT INTO core_classsubjectassignment VALUES(83,2,1,8,1);
INSERT INTO core_classsubjectassignment VALUES(85,6,1,1,1);
INSERT INTO core_classsubjectassignment VALUES(86,6,1,2,1);
INSERT INTO core_classsubjectassignment VALUES(87,6,1,3,1);
INSERT INTO core_classsubjectassignment VALUES(88,6,1,4,1);
INSERT INTO core_classsubjectassignment VALUES(89,6,1,9,1);
INSERT INTO core_classsubjectassignment VALUES(90,6,1,10,1);
INSERT INTO core_classsubjectassignment VALUES(91,6,1,11,1);
INSERT INTO core_classsubjectassignment VALUES(92,6,1,23,1);
INSERT INTO core_classsubjectassignment VALUES(93,6,1,25,1);
INSERT INTO core_classsubjectassignment VALUES(94,7,1,10,1);
INSERT INTO core_classsubjectassignment VALUES(95,7,1,11,1);
INSERT INTO core_classsubjectassignment VALUES(96,7,1,12,1);
INSERT INTO core_classsubjectassignment VALUES(97,7,1,20,1);
INSERT INTO core_classsubjectassignment VALUES(98,7,1,21,1);
INSERT INTO core_classsubjectassignment VALUES(99,7,1,23,1);
INSERT INTO core_classsubjectassignment VALUES(100,7,1,25,1);
INSERT INTO core_classsubjectassignment VALUES(101,6,1,21,1);
INSERT INTO core_classsubjectassignment VALUES(102,8,1,10,1);
INSERT INTO core_classsubjectassignment VALUES(103,8,1,11,1);
INSERT INTO core_classsubjectassignment VALUES(104,8,1,12,1);
INSERT INTO core_classsubjectassignment VALUES(105,8,1,20,1);
INSERT INTO core_classsubjectassignment VALUES(106,8,1,21,1);
INSERT INTO core_classsubjectassignment VALUES(107,8,1,23,1);
INSERT INTO core_classsubjectassignment VALUES(108,8,1,25,1);
INSERT INTO core_classsubjectassignment VALUES(109,9,1,10,1);
INSERT INTO core_classsubjectassignment VALUES(110,9,1,11,1);
INSERT INTO core_classsubjectassignment VALUES(111,9,1,12,1);
INSERT INTO core_classsubjectassignment VALUES(112,9,1,20,1);
INSERT INTO core_classsubjectassignment VALUES(113,9,1,21,1);
INSERT INTO core_classsubjectassignment VALUES(114,9,1,23,1);
INSERT INTO core_classsubjectassignment VALUES(115,9,1,25,1);
INSERT INTO core_classsubjectassignment VALUES(116,5,1,11,1);
INSERT INTO core_classsubjectassignment VALUES(117,5,1,21,1);
INSERT INTO core_classsubjectassignment VALUES(118,5,1,23,1);
INSERT INTO core_classsubjectassignment VALUES(119,5,1,25,1);
INSERT INTO core_classsubjectassignment VALUES(120,4,1,11,1);
INSERT INTO core_classsubjectassignment VALUES(121,4,1,21,1);
INSERT INTO core_classsubjectassignment VALUES(122,4,1,22,1);
INSERT INTO core_classsubjectassignment VALUES(123,4,1,23,1);
INSERT INTO core_classsubjectassignment VALUES(124,4,1,25,1);
INSERT INTO core_classsubjectassignment VALUES(135,10,1,10,1);
INSERT INTO core_classsubjectassignment VALUES(136,10,1,11,1);
INSERT INTO core_classsubjectassignment VALUES(137,10,1,14,1);
INSERT INTO core_classsubjectassignment VALUES(138,10,1,15,1);
INSERT INTO core_classsubjectassignment VALUES(139,10,1,16,1);
INSERT INTO core_classsubjectassignment VALUES(140,10,1,19,1);
INSERT INTO core_classsubjectassignment VALUES(141,10,1,20,1);
INSERT INTO core_classsubjectassignment VALUES(142,11,1,10,1);
INSERT INTO core_classsubjectassignment VALUES(143,11,1,11,1);
INSERT INTO core_classsubjectassignment VALUES(144,11,1,14,1);
INSERT INTO core_classsubjectassignment VALUES(145,11,1,15,1);
INSERT INTO core_classsubjectassignment VALUES(146,11,1,16,1);
INSERT INTO core_classsubjectassignment VALUES(147,11,1,17,1);
INSERT INTO core_classsubjectassignment VALUES(148,11,1,19,1);
INSERT INTO core_classsubjectassignment VALUES(149,11,1,20,1);
INSERT INTO core_classsubjectassignment VALUES(150,12,1,1,1);
INSERT INTO core_classsubjectassignment VALUES(151,12,1,2,1);
INSERT INTO core_classsubjectassignment VALUES(152,12,1,5,1);
INSERT INTO core_classsubjectassignment VALUES(153,12,1,6,1);
INSERT INTO core_classsubjectassignment VALUES(154,12,1,9,1);
INSERT INTO core_classsubjectassignment VALUES(155,12,1,10,1);
INSERT INTO core_classsubjectassignment VALUES(156,12,1,11,1);
INSERT INTO core_classsubjectassignment VALUES(157,12,1,14,1);
INSERT INTO core_classsubjectassignment VALUES(158,12,1,15,1);
INSERT INTO core_classsubjectassignment VALUES(159,12,1,16,1);
INSERT INTO core_classsubjectassignment VALUES(160,12,1,17,1);
INSERT INTO core_classsubjectassignment VALUES(161,12,1,18,1);
INSERT INTO core_classsubjectassignment VALUES(162,12,1,19,1);
INSERT INTO core_classsubjectassignment VALUES(163,12,1,20,1);
INSERT INTO core_classsubjectassignment VALUES(164,13,1,1,1);
INSERT INTO core_classsubjectassignment VALUES(165,13,1,2,1);
INSERT INTO core_classsubjectassignment VALUES(166,13,1,5,1);
INSERT INTO core_classsubjectassignment VALUES(167,13,1,6,1);
INSERT INTO core_classsubjectassignment VALUES(168,13,1,9,1);
INSERT INTO core_classsubjectassignment VALUES(169,13,1,11,1);
INSERT INTO core_classsubjectassignment VALUES(170,13,1,14,1);
INSERT INTO core_classsubjectassignment VALUES(171,13,1,15,1);
INSERT INTO core_classsubjectassignment VALUES(172,13,1,16,1);
INSERT INTO core_classsubjectassignment VALUES(173,13,1,17,1);
INSERT INTO core_classsubjectassignment VALUES(174,13,1,18,1);
INSERT INTO core_classsubjectassignment VALUES(175,13,1,19,1);
INSERT INTO core_classsubjectassignment VALUES(176,13,1,20,1);
INSERT INTO core_classsubjectassignment VALUES(177,14,1,1,1);
INSERT INTO core_classsubjectassignment VALUES(178,14,1,2,1);
INSERT INTO core_classsubjectassignment VALUES(179,14,1,5,1);
INSERT INTO core_classsubjectassignment VALUES(180,14,1,6,1);
INSERT INTO core_classsubjectassignment VALUES(181,14,1,9,1);
INSERT INTO core_classsubjectassignment VALUES(182,14,1,11,1);
INSERT INTO core_classsubjectassignment VALUES(183,14,1,14,1);
INSERT INTO core_classsubjectassignment VALUES(184,14,1,15,1);
INSERT INTO core_classsubjectassignment VALUES(185,14,1,16,1);
INSERT INTO core_classsubjectassignment VALUES(186,14,1,17,1);
INSERT INTO core_classsubjectassignment VALUES(187,14,1,18,1);
INSERT INTO core_classsubjectassignment VALUES(188,14,1,19,1);
INSERT INTO core_classsubjectassignment VALUES(189,14,1,20,1);
INSERT INTO core_classsubjectassignment VALUES(191,2,1,9,1);
INSERT INTO core_classsubjectassignment VALUES(192,2,1,11,1);
INSERT INTO core_classsubjectassignment VALUES(193,2,1,21,1);
INSERT INTO core_classsubjectassignment VALUES(194,2,1,23,1);
INSERT INTO core_classsubjectassignment VALUES(196,2,1,26,1);
INSERT INTO core_classsubjectassignment VALUES(197,3,1,9,1);
INSERT INTO core_classsubjectassignment VALUES(198,3,1,11,1);
INSERT INTO core_classsubjectassignment VALUES(199,3,1,21,1);
INSERT INTO core_classsubjectassignment VALUES(200,3,1,22,1);
INSERT INTO core_classsubjectassignment VALUES(201,3,1,23,1);
INSERT INTO core_classsubjectassignment VALUES(202,3,1,25,1);
CREATE TABLE IF NOT EXISTS "core_attendance" ("id" SERIAL PRIMARY KEY, "date" date NOT NULL, "is_present" bool NOT NULL, "class_assigned_id" bigint NOT NULL REFERENCES "core_class" ("id") DEFERRABLE INITIALLY DEFERRED, "term_id" bigint NOT NULL REFERENCES "core_term" ("id") DEFERRABLE INITIALLY DEFERRED, "student_id" bigint NOT NULL REFERENCES "core_student" ("user_id") DEFERRABLE INITIALLY DEFERRED);
INSERT INTO core_attendance VALUES(1,'2024-11-18',1,2,1,10);
INSERT INTO core_attendance VALUES(2,'2024-11-19',1,2,1,10);
INSERT INTO core_attendance VALUES(3,'2024-11-20',0,2,1,10);
INSERT INTO core_attendance VALUES(4,'2024-11-21',1,2,1,10);
INSERT INTO core_attendance VALUES(5,'2024-11-22',1,2,1,10);
INSERT INTO core_attendance VALUES(6,'2024-11-25',1,8,1,13);
INSERT INTO core_attendance VALUES(7,'2024-11-26',1,8,1,13);
INSERT INTO core_attendance VALUES(8,'2024-11-27',1,8,1,13);
INSERT INTO core_attendance VALUES(9,'2024-11-28',0,8,1,13);
INSERT INTO core_attendance VALUES(10,'2024-11-29',1,8,1,13);
CREATE TABLE IF NOT EXISTS "core_teacherassignment" ("id" SERIAL PRIMARY KEY, "is_form_teacher" bool NOT NULL, "class_assigned_id" bigint NOT NULL REFERENCES "core_class" ("id") DEFERRABLE INITIALLY DEFERRED, "session_id" bigint NOT NULL REFERENCES "core_session" ("id") DEFERRABLE INITIALLY DEFERRED, "term_id" bigint NOT NULL REFERENCES "core_term" ("id") DEFERRABLE INITIALLY DEFERRED, "teacher_id" bigint NOT NULL REFERENCES "core_teacher" ("user_id") DEFERRABLE INITIALLY DEFERRED);
INSERT INTO core_teacherassignment VALUES(2,1,9,1,1,54);
INSERT INTO core_teacherassignment VALUES(3,1,2,1,1,6);
INSERT INTO core_teacherassignment VALUES(4,1,3,1,1,60);
INSERT INTO core_teacherassignment VALUES(5,1,4,1,1,57);
INSERT INTO core_teacherassignment VALUES(6,1,5,1,1,63);
INSERT INTO core_teacherassignment VALUES(7,1,6,1,1,59);
INSERT INTO core_teacherassignment VALUES(8,1,7,1,1,55);
INSERT INTO core_teacherassignment VALUES(9,1,8,1,1,62);
INSERT INTO core_teacherassignment VALUES(10,1,11,1,1,52);
INSERT INTO core_teacherassignment VALUES(11,1,10,1,1,56);
INSERT INTO core_teacherassignment VALUES(12,1,12,1,1,58);
INSERT INTO core_teacherassignment VALUES(13,1,13,1,1,53);
INSERT INTO core_teacherassignment VALUES(14,1,14,1,1,53);
CREATE TABLE IF NOT EXISTS "core_subjectassignment" ("id" SERIAL PRIMARY KEY, "class_assigned_id" bigint NOT NULL REFERENCES "core_class" ("id") DEFERRABLE INITIALLY DEFERRED, "session_id" bigint NULL REFERENCES "core_session" ("id") DEFERRABLE INITIALLY DEFERRED, "subject_id" bigint NOT NULL REFERENCES "core_subject" ("id") DEFERRABLE INITIALLY DEFERRED, "term_id" bigint NULL REFERENCES "core_term" ("id") DEFERRABLE INITIALLY DEFERRED, "teacher_id" bigint NULL REFERENCES "core_teacher" ("user_id") DEFERRABLE INITIALLY DEFERRED);
INSERT INTO core_subjectassignment VALUES(19,2,1,8,1,6);
INSERT INTO core_subjectassignment VALUES(21,3,1,8,1,7);
INSERT INTO core_subjectassignment VALUES(22,3,1,7,1,6);
INSERT INTO core_subjectassignment VALUES(23,4,1,1,1,7);
INSERT INTO core_subjectassignment VALUES(24,4,1,2,1,6);
INSERT INTO core_subjectassignment VALUES(25,4,1,3,1,5);
INSERT INTO core_subjectassignment VALUES(26,5,1,4,1,7);
INSERT INTO core_subjectassignment VALUES(27,5,1,3,1,5);
INSERT INTO core_subjectassignment VALUES(28,6,1,1,1,7);
INSERT INTO core_subjectassignment VALUES(29,6,1,2,1,6);
INSERT INTO core_subjectassignment VALUES(31,10,1,1,1,7);
INSERT INTO core_subjectassignment VALUES(32,10,1,2,1,6);
INSERT INTO core_subjectassignment VALUES(36,10,1,5,1,53);
INSERT INTO core_subjectassignment VALUES(37,10,1,14,1,53);
INSERT INTO core_subjectassignment VALUES(38,11,1,14,1,53);
INSERT INTO core_subjectassignment VALUES(39,11,1,5,1,53);
INSERT INTO core_subjectassignment VALUES(40,12,1,5,1,53);
INSERT INTO core_subjectassignment VALUES(41,13,1,5,1,53);
INSERT INTO core_subjectassignment VALUES(42,13,1,14,1,53);
INSERT INTO core_subjectassignment VALUES(43,12,1,14,1,53);
INSERT INTO core_subjectassignment VALUES(44,6,1,2,1,62);
INSERT INTO core_subjectassignment VALUES(45,7,1,2,1,62);
INSERT INTO core_subjectassignment VALUES(46,8,1,2,1,62);
INSERT INTO core_subjectassignment VALUES(47,9,1,2,1,62);
INSERT INTO core_subjectassignment VALUES(48,6,1,1,1,59);
INSERT INTO core_subjectassignment VALUES(49,7,1,1,1,59);
INSERT INTO core_subjectassignment VALUES(50,8,1,1,1,59);
INSERT INTO core_subjectassignment VALUES(51,9,1,1,1,59);
INSERT INTO core_subjectassignment VALUES(52,6,1,3,1,54);
INSERT INTO core_subjectassignment VALUES(53,7,1,3,1,54);
INSERT INTO core_subjectassignment VALUES(54,7,1,10,1,54);
INSERT INTO core_subjectassignment VALUES(55,8,1,3,1,54);
INSERT INTO core_subjectassignment VALUES(56,8,1,10,1,54);
INSERT INTO core_subjectassignment VALUES(57,9,1,3,1,54);
INSERT INTO core_subjectassignment VALUES(58,9,1,10,1,54);
INSERT INTO core_subjectassignment VALUES(59,6,1,4,1,55);
INSERT INTO core_subjectassignment VALUES(60,7,1,4,1,55);
INSERT INTO core_subjectassignment VALUES(61,8,1,4,1,55);
INSERT INTO core_subjectassignment VALUES(62,9,1,4,1,55);
INSERT INTO core_subjectassignment VALUES(63,10,1,15,1,52);
INSERT INTO core_subjectassignment VALUES(64,11,1,15,1,52);
INSERT INTO core_subjectassignment VALUES(65,12,1,15,1,52);
INSERT INTO core_subjectassignment VALUES(66,13,1,15,1,52);
INSERT INTO core_subjectassignment VALUES(67,14,1,15,1,52);
INSERT INTO core_subjectassignment VALUES(68,10,1,20,1,52);
INSERT INTO core_subjectassignment VALUES(69,11,1,20,1,52);
INSERT INTO core_subjectassignment VALUES(70,12,1,20,1,52);
INSERT INTO core_subjectassignment VALUES(71,13,1,20,1,52);
INSERT INTO core_subjectassignment VALUES(72,14,1,20,1,52);
INSERT INTO core_subjectassignment VALUES(73,10,1,10,1,52);
INSERT INTO core_subjectassignment VALUES(74,11,1,10,1,52);
INSERT INTO core_subjectassignment VALUES(75,10,1,2,1,56);
INSERT INTO core_subjectassignment VALUES(76,11,1,2,1,56);
INSERT INTO core_subjectassignment VALUES(77,12,1,2,1,56);
INSERT INTO core_subjectassignment VALUES(78,13,1,2,1,56);
INSERT INTO core_subjectassignment VALUES(79,14,1,2,1,56);
INSERT INTO core_subjectassignment VALUES(80,10,1,19,1,56);
INSERT INTO core_subjectassignment VALUES(81,11,1,19,1,56);
INSERT INTO core_subjectassignment VALUES(82,10,1,16,1,58);
INSERT INTO core_subjectassignment VALUES(83,11,1,16,1,58);
INSERT INTO core_subjectassignment VALUES(84,12,1,16,1,58);
INSERT INTO core_subjectassignment VALUES(85,13,1,16,1,58);
INSERT INTO core_subjectassignment VALUES(86,14,1,16,1,58);
INSERT INTO core_subjectassignment VALUES(87,12,1,18,1,58);
INSERT INTO core_subjectassignment VALUES(88,13,1,18,1,58);
CREATE TABLE IF NOT EXISTS "django_admin_log" ("id" SERIAL PRIMARY KEY, "object_id" text NULL, "object_repr" varchar(200) NOT NULL, "action_flag" smallint NOT NULL CHECK ("action_flag" >= 0), "change_message" text NOT NULL, "content_type_id" integer NULL REFERENCES "django_content_type" ("id") DEFERRABLE INITIALLY DEFERRED, "user_id" bigint NOT NULL REFERENCES "core_customuser" ("id") DEFERRABLE INITIALLY DEFERRED, "action_time" datetime NOT NULL);
INSERT INTO django_admin_log VALUES(1,'5','Diksa',1,'[{"added": {}}]',6,1,'2024-11-17 19:42:09.258765');
INSERT INTO django_admin_log VALUES(2,'6','Fatima',1,'[{"added": {}}]',6,1,'2024-11-17 19:42:24.549027');
INSERT INTO django_admin_log VALUES(3,'7','Fatai',1,'[{"added": {}}]',6,1,'2024-11-17 19:42:42.179553');
INSERT INTO django_admin_log VALUES(4,'7','Fatai',2,'[{"changed": {"fields": ["First name", "Last name", "Email address"]}}]',6,1,'2024-11-17 19:43:29.604627');
INSERT INTO django_admin_log VALUES(5,'6','Fatima',2,'[{"changed": {"fields": ["First name", "Last name", "Email address"]}}]',6,1,'2024-11-17 19:44:37.317802');
INSERT INTO django_admin_log VALUES(6,'5','Diksa',2,'[{"changed": {"fields": ["First name", "Last name", "Email address"]}}]',6,1,'2024-11-17 19:45:03.240239');
INSERT INTO django_admin_log VALUES(7,'7','Fatai',2,'[{"changed": {"fields": ["Staff status"]}}]',6,1,'2024-11-17 19:45:26.526966');
INSERT INTO django_admin_log VALUES(8,'6','Fatima Muhammed',1,'[{"added": {}}]',31,1,'2024-11-17 19:47:29.829481');
INSERT INTO django_admin_log VALUES(9,'5','Sadiq Shuaibu Umar',1,'[{"added": {}}]',31,1,'2024-11-17 19:48:56.721283');
INSERT INTO django_admin_log VALUES(10,'7','Fatai Tella',1,'[{"added": {}}]',31,1,'2024-11-17 19:51:01.619703');
INSERT INTO django_admin_log VALUES(11,'6','Fatima Muhammed',2,'[{"changed": {"fields": ["Date of birth", "Gender", "Contact", "Address"]}}]',31,1,'2024-11-17 19:51:48.821686');
INSERT INTO django_admin_log VALUES(12,'1','Mpdedon',1,'[{"added": {}}]',13,1,'2024-11-17 19:54:19.644389');
INSERT INTO django_admin_log VALUES(13,'1','KVL1',1,'[{"added": {}}]',7,1,'2024-11-18 03:21:19.228049');
INSERT INTO django_admin_log VALUES(14,'2','KVL2',1,'[{"added": {}}]',7,1,'2024-11-18 03:21:57.328854');
INSERT INTO django_admin_log VALUES(15,'3','KVL3',1,'[{"added": {}}]',7,1,'2024-11-18 03:22:31.233760');
INSERT INTO django_admin_log VALUES(16,'4','KVL4',1,'[{"added": {}}]',7,1,'2024-11-18 03:23:03.245311');
INSERT INTO django_admin_log VALUES(17,'5','KVL5',1,'[{"added": {}}]',7,1,'2024-11-18 03:23:34.157375');
INSERT INTO django_admin_log VALUES(18,'6','KVL6',1,'[{"added": {}}]',7,1,'2024-11-18 03:24:07.649113');
INSERT INTO django_admin_log VALUES(19,'7','KVL7',1,'[{"added": {}}]',7,1,'2024-11-18 03:24:23.280763');
INSERT INTO django_admin_log VALUES(20,'8','KVL8',1,'[{"added": {}}]',7,1,'2024-11-18 03:24:49.508234');
INSERT INTO django_admin_log VALUES(21,'9','TVL1',1,'[{"added": {}}]',7,1,'2024-11-18 03:25:21.697667');
INSERT INTO django_admin_log VALUES(22,'10','TVL2',1,'[{"added": {}}]',7,1,'2024-11-18 03:26:05.935703');
INSERT INTO django_admin_log VALUES(23,'11','TVL3',1,'[{"added": {}}]',7,1,'2024-11-18 03:26:53.981745');
INSERT INTO django_admin_log VALUES(24,'12','TVL4',1,'[{"added": {}}]',7,1,'2024-11-18 03:27:41.550141');
INSERT INTO django_admin_log VALUES(25,'13','TVL5',1,'[{"added": {}}]',7,1,'2024-11-18 03:28:05.340295');
INSERT INTO django_admin_log VALUES(26,'1','Mathematics',1,'[{"added": {}}]',17,1,'2024-11-18 03:31:50.569811');
INSERT INTO django_admin_log VALUES(27,'2','English Studies',1,'[{"added": {}}]',17,1,'2024-11-18 03:33:41.647669');
INSERT INTO django_admin_log VALUES(28,'3','Science',1,'[{"added": {}}]',17,1,'2024-11-18 03:34:21.276795');
INSERT INTO django_admin_log VALUES(29,'4','General Knowledge',1,'[{"added": {}}]',17,1,'2024-11-18 03:35:41.462084');
INSERT INTO django_admin_log VALUES(30,'8','Aisha Mukhtar Nabeelah',2,'[{"changed": {"fields": ["Profile image", "Current class"]}}]',14,1,'2024-11-18 03:37:38.491432');
INSERT INTO django_admin_log VALUES(31,'10','Yahaya Ali Musa',1,'[{"added": {}}]',14,1,'2024-11-18 15:28:30.870046');
INSERT INTO django_admin_log VALUES(32,'11','Hama',3,'',6,1,'2024-11-18 15:46:46.720514');
INSERT INTO django_admin_log VALUES(33,'9','Haneef',3,'',6,1,'2024-11-18 15:46:47.194550');
INSERT INTO django_admin_log VALUES(34,'1','KVL1',1,'[{"added": {}}]',7,1,'2024-11-23 08:10:39.272325');
CREATE TABLE IF NOT EXISTS "django_session" ("session_key" varchar(40) NOT NULL PRIMARY KEY, "session_data" text NOT NULL, "expire_date" datetime NOT NULL);
INSERT INTO django_session VALUES('c2fi48d6p0r9pphyhvcl1eaqjb0dyds3','.eJxVjDsOwjAQRO_iGlmxF_8o6TmDtd61cQA5UpxUiLuTSCmgG817M28RcV1qXHue48jiIpQ4_XYJ6ZnbDviB7T5Jmtoyj0nuijxol7eJ8-t6uH8HFXvd1sEzuaxRG68SA7G3hYAATGCH7PFsyVHYorWBwOniVIEh5MGElMCKzxf2_Tge:1tCkqL:WiULfzrIo5lE96CV97CRvUDEMI70adhg5jDAwExtVSc','2024-12-01 19:21:57.573212');
INSERT INTO django_session VALUES('ig1drsosgvrtt5sezx2snebvz7f78usp','.eJxVjDsOwjAQRO_iGlmxF_8o6TmDtd61cQA5UpxUiLuTSCmgG817M28RcV1qXHue48jiIpQ4_XYJ6ZnbDviB7T5Jmtoyj0nuijxol7eJ8-t6uH8HFXvd1sEzuaxRG68SA7G3hYAATGCH7PFsyVHYorWBwOniVIEh5MGElMCKzxf2_Tge:1tDBtT:XAolj73PpGC8n8VZgFbdymVtNchczfiiUPjB1nUlArU','2024-12-03 00:14:59.178994');
INSERT INTO django_session VALUES('t343z7hedan9tvm75b3goiqs71u40vdj','.eJxVjDsOwjAQRO_iGlmxF_8o6TmDtd61cQA5UpxUiLuTSCmgG817M28RcV1qXHue48jiIpQ4_XYJ6ZnbDviB7T5Jmtoyj0nuijxol7eJ8-t6uH8HFXvd1sEzuaxRG68SA7G3hYAATGCH7PFsyVHYorWBwOniVIEh5MGElMCKzxf2_Tge:1tDCOU:dK-2AngohF7UJYQGHjpzMHVbGyXX3KDHsxwNo4_K3R0','2024-12-03 00:47:02.593074');
INSERT INTO django_session VALUES('ohs8jdbzi5x3hgyz7oxgg0ab5r8zoa40','.eJxVjDsOwjAQRO_iGlmxF_8o6TmDtd61cQA5UpxUiLuTSCmgG817M28RcV1qXHue48jiIpQ4_XYJ6ZnbDviB7T5Jmtoyj0nuijxol7eJ8-t6uH8HFXvd1sEzuaxRG68SA7G3hYAATGCH7PFsyVHYorWBwOniVIEh5MGElMCKzxf2_Tge:1tE8QT:4uqb-vpFJvSsMgPiSUJFk7t-jyydl1PfvWWaoYdcWCg','2024-12-05 14:44:57.093497');
INSERT INTO django_session VALUES('lpf1nmecxjgoa0xvxrtmym7e7yw54954','.eJxVjDsOwjAQRO_iGlmxF_8o6TmDtd61cQA5UpxUiLuTSCmgG817M28RcV1qXHue48jiIpQ4_XYJ6ZnbDviB7T5Jmtoyj0nuijxol7eJ8-t6uH8HFXvd1sEzuaxRG68SA7G3hYAATGCH7PFsyVHYorWBwOniVIEh5MGElMCKzxf2_Tge:1tFbvu:N0RZKkwrCAY-C0oEoIs1QwByrwLC03oWscocbyZwqqI','2024-12-09 16:27:30.966964');
INSERT INTO django_session VALUES('jpjovqjphmnpo753fs6rdsgvrryywvnn','.eJxVjEEOwiAQRe_C2pCBASwu3XsGMsAgVUOT0q6MdzckXej2v_f-WwTatxr2zmuYs7gIFKffLVJ6chsgP6jdF5mWtq1zlEORB-3ytmR-XQ_376BSr6PWRAUnXdhOyoGnYkwsObJPaCMqcOydLcUDI5DSxmmfweIZWBlrUHy-83A3bA:1tGrmQ:rPEqDv240WGnAi9Dl57L1_0QsgiOf8GHGe9NGnRkrQ4','2024-12-13 03:34:54.176583');
INSERT INTO django_session VALUES('c9uxuunawlla5i3x9n9y36ndcqg0vbdq','.eJxVjEEOwiAQRe_C2pCBASwu3XsGMsAgVUOT0q6MdzckXej2v_f-WwTatxr2zmuYs7gIFKffLVJ6chsgP6jdF5mWtq1zlEORB-3ytmR-XQ_376BSr6PWRAUnXdhOyoGnYkwsObJPaCMqcOydLcUDI5DSxmmfweIZWBlrUHy-83A3bA:1tHAw6:APArVO7F7eBYzeVvPGh2RaUmkYwIFSpa11trzL1odgU','2024-12-14 00:02:10.301978');
INSERT INTO django_session VALUES('z3a04l1hh0eoi5s25j2khkswgdryolkg','.eJxVjDsOwjAQRO_iGlmxF_8o6TmDtd61cQA5UpxUiLuTSCmgG817M28RcV1qXHue48jiIpQ4_XYJ6ZnbDviB7T5Jmtoyj0nuijxol7eJ8-t6uH8HFXvd1sEzuaxRG68SA7G3hYAATGCH7PFsyVHYorWBwOniVIEh5MGElMCKzxf2_Tge:1tNYZg:WmBayRpOqZdgGeeH7HrWwotv-Na8gad1ZOe39-IcZmQ','2024-12-31 14:29:24.365470');
INSERT INTO django_session VALUES('okcmh1rcb390syk1cqmepyhmr9zoa2lz','.eJxVjDsOwjAQRO_iGlmxF_8o6TmDtd61cQA5UpxUiLuTSCmgG817M28RcV1qXHue48jiIpQ4_XYJ6ZnbDviB7T5Jmtoyj0nuijxol7eJ8-t6uH8HFXvd1sEzuaxRG68SA7G3hYAATGCH7PFsyVHYorWBwOniVIEh5MGElMCKzxf2_Tge:1tOazF:egDyZ_3TT81d0MfAgoxbGeSCpbaVQ9TF1NU8N42VyqI','2025-01-03 11:16:05.777341');
INSERT INTO django_session VALUES('m83xyey1qs759cv2hp5bcviac4b495jn','.eJxVjDsOwjAQBe_iGln-ZJ2Ykp4zWLvrBQeQI8VJhbg7iZQC2jcz760SrktJa5M5jVmdVVCn342Qn1J3kB9Y75PmqS7zSHpX9EGbvk5ZXpfD_Tso2MpWQ-xuxrEXNNhZRx7YDxicybHvLVmSQNkAEJMdYKMI6ANEH1mEolWfL9j4N8A:1tUZn6:nCuEsxucNGOYFBTardeJ-LUKcCMLce92C3zInShlzGc','2025-01-19 23:12:16.228432');
CREATE TABLE IF NOT EXISTS "core_subject_classes" ("id" SERIAL PRIMARY KEY, "subject_id" bigint NOT NULL REFERENCES "core_subject" ("id") DEFERRABLE INITIALLY DEFERRED, "class_id" bigint NOT NULL REFERENCES "core_class" ("id") DEFERRABLE INITIALLY DEFERRED);
CREATE TABLE IF NOT EXISTS "core_subject_students" ("id" SERIAL PRIMARY KEY, "subject_id" bigint NOT NULL REFERENCES "core_subject" ("id") DEFERRABLE INITIALLY DEFERRED, "student_id" bigint NOT NULL REFERENCES "core_student" ("user_id") DEFERRABLE INITIALLY DEFERRED);
INSERT INTO core_subject_students VALUES(1,1,8);
INSERT INTO core_subject_students VALUES(2,2,8);
INSERT INTO core_subject_students VALUES(3,3,8);
INSERT INTO core_subject_students VALUES(4,4,8);
CREATE TABLE IF NOT EXISTS "core_academicalert" ("id" SERIAL PRIMARY KEY, "alert_type" varchar(20) NOT NULL, "title" varchar(255) NOT NULL, "summary" text NOT NULL, "due_date" datetime NULL, "is_done" bool NOT NULL, "date_submitted" datetime NULL, "total_grade" real NULL, "related_object_id" integer NOT NULL, "date_created" datetime NOT NULL, "student_id" bigint NOT NULL REFERENCES "core_student" ("user_id") DEFERRABLE INITIALLY DEFERRED, "teacher_id" bigint NOT NULL REFERENCES "core_teacher" ("user_id") DEFERRABLE INITIALLY DEFERRED);
INSERT INTO core_academicalert VALUES(1,'assignment','Numbers','Write numbers 1-200','2024-11-30 00:00:00',0,NULL,NULL,6,'2024-11-27 00:50:14.290387',10,6);
INSERT INTO core_academicalert VALUES(2,'assignment','Numbers','Know your numbers','2024-11-30 00:00:00',0,NULL,NULL,7,'2024-11-27 01:02:41.618829',10,6);
INSERT INTO core_academicalert VALUES(3,'assignment','Numeracy','Identify numbers','2024-12-12 00:00:00',0,NULL,NULL,13,'2024-12-04 02:54:12.653707',10,6);
CREATE TABLE IF NOT EXISTS "core_student" ("user_id" bigint NOT NULL PRIMARY KEY REFERENCES "core_customuser" ("id") DEFERRABLE INITIALLY DEFERRED, "LSA_number" varchar(20) NULL UNIQUE, "profile_image" varchar(100) NOT NULL, "date_of_birth" date NOT NULL, "gender" varchar(1) NOT NULL, "relationship" varchar(50) NOT NULL, "current_class_id" bigint NULL REFERENCES "core_class" ("id") DEFERRABLE INITIALLY DEFERRED, "student_guardian_id" bigint NULL REFERENCES "core_guardian" ("user_id") DEFERRABLE INITIALLY DEFERRED, "promotion_history" text NOT NULL, "status" varchar(10) NOT NULL);
INSERT INTO core_student VALUES(8,'LSA/S/001','profile_images/omar-elsharawy-gFHBofW3ncQ-unsplash.jpg','2014-11-17','F','Father',10,1,'','active');
INSERT INTO core_student VALUES(10,'LSA/S/002','media/profile_images/topsphere-media-EKwvCujWCmk-unsplash.jpg','2020-05-15','M','Father',2,3,'','active');
INSERT INTO core_student VALUES(12,'LSA/S/003','media/profile_images/karly-gomez-qtVh_84ssOA-unsplash_F4vyt1M.jpg','2015-02-21','F','Mother',3,2,'','active');
INSERT INTO core_student VALUES(13,'LSA/S/004','media/profile_images/ehteshamul-haque-adit-YBfsFFesmRc-unsplash.jpg','2016-12-20','M','Father',8,1,'','active');
INSERT INTO core_student VALUES(16,'LSA/S/005','media/profile_images/anton-sukhinov-_C2A8THeKKs-unsplash.jpg','2021-03-10','F','Aunt',5,2,'','active');
INSERT INTO core_student VALUES(17,'LSA/S/006','media/profile_images/allison-saeng-i9lXSkc_Uc0-unsplash.jpg','2020-08-02','F','Father',6,4,'','active');
INSERT INTO core_student VALUES(18,'LSA/S/007','media/profile_images/agence-olloweb-Z2ImfOCafFk-unsplash.jpg','2019-10-17','M','Mother',7,15,'','active');
INSERT INTO core_student VALUES(19,'LSA/S/008','media/profile_images/fynn-zentner-Dix-8djjXps-unsplash.jpg','2018-06-28','F','Father',10,3,'','active');
INSERT INTO core_student VALUES(20,'LSA/S/009','','2017-09-21','F','Father',11,4,'','active');
INSERT INTO core_student VALUES(21,'LSA/S/010','media/profile_images/bhautik-patel-NVprB2Xt1bA-unsplash.jpg','2013-06-15','M','Mother',3,2,'','active');
CREATE TABLE IF NOT EXISTS "core_guardian" ("user_id" bigint NOT NULL PRIMARY KEY REFERENCES "core_customuser" ("id") DEFERRABLE INITIALLY DEFERRED, "gender" varchar(1) NOT NULL, "profile_image" varchar(100) NOT NULL, "contact" varchar(15) NULL, "address" text NOT NULL, "status" varchar(10) NOT NULL);
INSERT INTO core_guardian VALUES(2,'M','','08033472789','Oniwaya Road Ageeg','active');
INSERT INTO core_guardian VALUES(3,'M','','08033322299','Isale-Oja Agege lagos','active');
INSERT INTO core_guardian VALUES(4,'M','','08077334329','Markaz Agege Lagos','active');
INSERT INTO core_guardian VALUES(1,'M','profile_images/agence-olloweb-Z2ImfOCafFk-unsplash.jpg','07034858160','Agege LAgos','active');
INSERT INTO core_guardian VALUES(15,'M','','09023238483','Dopemu Lagos','active');
INSERT INTO core_guardian VALUES(22,'M','','08138435548','No. 37 Alowonle Street Agege Lagos','active');
INSERT INTO core_guardian VALUES(23,'F','','08036878194','24 Olayiwola Street Iloro Agege, Lagos','active');
INSERT INTO core_guardian VALUES(24,'M','','08147488186','No. 6 Oba Ogunji Street Agege Lagos','active');
INSERT INTO core_guardian VALUES(25,'M','','07018844018','5 Moshalashi Street Agege Lagos','active');
INSERT INTO core_guardian VALUES(26,'M','','08157315274','No. 6 Mudi Lane Oniwaya Agege Lagos','active');
INSERT INTO core_guardian VALUES(27,'M','','08033875780','No. 29 Abeje Street off Yekini Olugoke Street Agege Lagos','active');
INSERT INTO core_guardian VALUES(28,'M','','08060333729','No. 13 Olayiwola Street Iloro Agege Lagos','active');
INSERT INTO core_guardian VALUES(29,'F','','08142217121','No. 9 Yekini Olugoke Street Agege Lagos','active');
INSERT INTO core_guardian VALUES(30,'M','','08030691425','No. 13 Balogun Street Isale-Oja Agege Lagos','active');
INSERT INTO core_guardian VALUES(31,'F','','08129012224','No. 22 Aloba Street off Markaz Road Agege Lagos','active');
INSERT INTO core_guardian VALUES(32,'M','','07033511020','No. 99 Oniwaya Road Agege Lagos','active');
INSERT INTO core_guardian VALUES(33,'M','','08137047624','8 Okunola Street off Oniwaya Road Agege Lagos','active');
INSERT INTO core_guardian VALUES(34,'F','','07032113481','11 Oniwaya Road Agege Lagos','active');
INSERT INTO core_guardian VALUES(35,'F','','09032889738','No. 24 Ashiata Street Iloro Agege Lagos','active');
INSERT INTO core_guardian VALUES(36,'M','','08022940292','27 Oke Ayo Street Agege Lagos','active');
INSERT INTO core_guardian VALUES(37,'M','','08064963023','54 Oniwaya Road Agege lagos','active');
INSERT INTO core_guardian VALUES(38,'M','','08033394507','No. 22 Tijjani Street Agege Lagos','active');
INSERT INTO core_guardian VALUES(39,'F','','08104772483','No. 3A Mudi Lane Oniwaya Agege','active');
INSERT INTO core_guardian VALUES(40,'M','','08082896661','No. 13 Balogun Street Agege Lagos','active');
INSERT INTO core_guardian VALUES(41,'F','','08030629999','No. 7 Adeshokan Street opposite Anwarul-Islam College Agege Lagos','active');
INSERT INTO core_guardian VALUES(42,'F','','07031619933','No. 13 Mayaka Street Mangoro Agege Lagos','active');
INSERT INTO core_guardian VALUES(43,'F','','07065200003','53 Markaz Road Agege Lagos','active');
INSERT INTO core_guardian VALUES(44,'F','','08033999902','36 Ifekoya Street Dopemu Agege Lagos','active');
INSERT INTO core_guardian VALUES(45,'F','','07068005676','No. 13 Adebanjo Street off Hassan Oyo Street off Oniwaya Road Agege Lagos','active');
INSERT INTO core_guardian VALUES(46,'F','','08055556258','No. 26 Alagbigba Street off Capitol Road Agege Lagos','active');
INSERT INTO core_guardian VALUES(47,'M','','08067528533','90 Oniwaya Road Agege Lagos','active');
INSERT INTO core_guardian VALUES(48,'M','','08025546744','13 Daniya Street Agege Lagos','active');
INSERT INTO core_guardian VALUES(49,'M','','08030604959','No. 9 Ogunwo Street off Oniwaya Road Agege Lagos','active');
INSERT INTO core_guardian VALUES(50,'M','','+971527408395','No. 18 Olorun Adaba Street Dopemu Agege Lagos','active');
INSERT INTO core_guardian VALUES(51,'F','','08107305869','No. 27 Oke Ayo Street Agbotikuyo Agege Lagos.','active');
CREATE TABLE IF NOT EXISTS "core_message" ("id" SERIAL PRIMARY KEY, "content" text NOT NULL, "timestamp" datetime NOT NULL, "is_unread" bool NOT NULL, "recipient_id" bigint NOT NULL REFERENCES "core_customuser" ("id") DEFERRABLE INITIALLY DEFERRED, "sender_id" bigint NOT NULL REFERENCES "core_customuser" ("id") DEFERRABLE INITIALLY DEFERRED, "title" varchar(255) NOT NULL, "student_id" bigint NOT NULL REFERENCES "core_student" ("user_id") DEFERRABLE INITIALLY DEFERRED);
INSERT INTO core_message VALUES(1,'I want to reach out to you, Sir. How was your day.','2024-12-02 14:13:54.440484',1,3,6,'Greetings',10);
CREATE TABLE IF NOT EXISTS "core_emailcampaign" ("id" SERIAL PRIMARY KEY, "subject" varchar(255) NOT NULL, "message" text NOT NULL, "created_at" datetime NOT NULL);
CREATE TABLE IF NOT EXISTS "core_emailcampaign_recipients" ("id" SERIAL PRIMARY KEY, "emailcampaign_id" bigint NOT NULL REFERENCES "core_emailcampaign" ("id") DEFERRABLE INITIALLY DEFERRED, "customuser_id" bigint NOT NULL REFERENCES "core_customuser" ("id") DEFERRABLE INITIALLY DEFERRED);
CREATE TABLE IF NOT EXISTS "core_class" ("id" SERIAL PRIMARY KEY, "name" varchar(20) NOT NULL UNIQUE, "school_level" varchar(20) NOT NULL, "description" text NOT NULL, "order" integer NULL CHECK ("order" >= 0));
INSERT INTO core_class VALUES(2,'KVL1','Primary','Kindergarten level',1);
INSERT INTO core_class VALUES(3,'KVL2','Primary','Nursery one and two.',2);
INSERT INTO core_class VALUES(4,'KVL3','Primary','Primary One Level',3);
INSERT INTO core_class VALUES(5,'KVL4','Primary','Primary Two Level',4);
INSERT INTO core_class VALUES(6,'KVL5','Primary','Primary Three Level',5);
INSERT INTO core_class VALUES(7,'KVL6','Primary','Primary Four Level',6);
INSERT INTO core_class VALUES(8,'KVL7','Primary','Primary Five Level',7);
INSERT INTO core_class VALUES(9,'KVL8','Primary','Primary Six Level',8);
INSERT INTO core_class VALUES(10,'TVL1','Secondary','Junior Level One',9);
INSERT INTO core_class VALUES(11,'TVL2','Secondary','Junior Secondary Level Two',10);
INSERT INTO core_class VALUES(12,'TVL3','Secondary','Senior Secondary Level 1',11);
INSERT INTO core_class VALUES(13,'TVL4','Secondary','Senior Secondary Level Two',12);
INSERT INTO core_class VALUES(14,'TVL5','Secondary','Senior Secondary Level Three',13);
CREATE TABLE IF NOT EXISTS "core_teacher" ("user_id" bigint NOT NULL PRIMARY KEY REFERENCES "core_customuser" ("id") DEFERRABLE INITIALLY DEFERRED, "employee_id" varchar(20) NULL UNIQUE, "profile_image" varchar(100) NOT NULL, "date_of_birth" date NOT NULL, "gender" varchar(1) NOT NULL, "contact" varchar(15) NULL, "address" text NOT NULL, "status" varchar(10) NOT NULL);
INSERT INTO core_teacher VALUES(6,'001','profile_images/default.jpg','1989-06-30','F','09053554550','Markaz Agege Lagos','active');
INSERT INTO core_teacher VALUES(5,'002','profile_images/luis-villasmil-hh3ViD0r0Rc-unsplash.jpg','1989-06-30','M','08068794925','Apo Abuja Nigeria','active');
INSERT INTO core_teacher VALUES(7,'003','profile_images/jeffrey-hamilton-jrRe6er0pY0-unsplash.jpg','1986-05-01','M','08085126338','1 Alhaja Atere Street Dopemu Agege Lagos','active');
INSERT INTO core_teacher VALUES(52,'LSA/T/004','','1994-01-18','F','08028518065','No. 28 Onibeju Street Iloro Agege Lgos','active');
INSERT INTO core_teacher VALUES(53,'LSA/T/005','','1992-10-18','M','08139658762','8 Alhaji Ala Street Markaz Agege Lagos','active');
INSERT INTO core_teacher VALUES(54,'LSA/T/006','','1997-11-27','F','08147056650','No. 13 Market Street Agege Lagos','active');
INSERT INTO core_teacher VALUES(55,'LSA/T/007','','1994-07-14','F','07062700203','No. 7 Kadiri Street off Oniwaya Road Agege Lagos','active');
INSERT INTO core_teacher VALUES(56,'LSA/T/008','','1997-02-14','F','08114510085','No. 25 Markaz ROad Agege Lagos.','active');
INSERT INTO core_teacher VALUES(57,'LSA/T/009','','1996-10-10','F','07015022282','No. 21 Bode Tobun Street off Oniwaya Road Agege Lagos.','active');
INSERT INTO core_teacher VALUES(58,'LSA/T/010','','2008-07-04','F','07075730307','No. 25 Markaz Road Agege Lagos','active');
INSERT INTO core_teacher VALUES(59,'LSA/T/011','','2005-11-23','F','09034047155','No. 29 Okunola Street off Kadiri Street Agege Lagos','active');
INSERT INTO core_teacher VALUES(60,'LSA/T/012','','2005-11-23','F','09033427786','No. 29 Okunola Street off Kadiri Street Agege Lagos.','active');
INSERT INTO core_teacher VALUES(61,'LSA/T/013','','1980-02-01','M','07064434429','No. 33 Omodeinde Street off Markaz Road Agege Lagos','active');
INSERT INTO core_teacher VALUES(62,'LSA/T/014','','1995-10-14','F','08174444511','63B Markaz Lane off Oniwaya Road Agege Lagos.','active');
INSERT INTO core_teacher VALUES(63,'LSA/T/015','','2003-05-23','F','08166839948','No. 23 Alfanla Road Agege Lagos','active');
CREATE TABLE IF NOT EXISTS "core_assessmentsubmission" ("id" SERIAL PRIMARY KEY, "answers" text NOT NULL CHECK ((JSON_VALID("answers") OR "answers" IS NULL)), "score" integer NULL, "submitted_at" datetime NOT NULL, "is_graded" bool NOT NULL, "requires_manual_review" bool NOT NULL, "assessment_id" bigint NOT NULL REFERENCES "core_assessment" ("id") DEFERRABLE INITIALLY DEFERRED, "student_id" bigint NOT NULL REFERENCES "core_student" ("user_id") DEFERRABLE INITIALLY DEFERRED);
INSERT INTO core_assessmentsubmission VALUES(1,'{"7": "1"}',1,'2025-01-05 22:54:06.113770',1,0,3,10);
CREATE TABLE IF NOT EXISTS "core_assessment" ("id" SERIAL PRIMARY KEY, "title" varchar(255) NULL, "short_description" varchar(500) NULL, "score" integer NULL, "is_online" bool NOT NULL, "due_date" datetime NULL, "duration" integer NULL, "class_assigned_id" bigint NOT NULL REFERENCES "core_class" ("id") DEFERRABLE INITIALLY DEFERRED, "subject_id" bigint NOT NULL REFERENCES "core_subject" ("id") DEFERRABLE INITIALLY DEFERRED, "approved_by_id" bigint NULL REFERENCES "core_customuser" ("id") DEFERRABLE INITIALLY DEFERRED, "created_by_id" bigint NULL REFERENCES "core_customuser" ("id") DEFERRABLE INITIALLY DEFERRED, "is_approved" bool NOT NULL, "term_id" bigint NOT NULL REFERENCES "core_term" ("id") DEFERRABLE INITIALLY DEFERRED, "created_at" datetime NOT NULL, "updated_at" datetime NOT NULL);
INSERT INTO core_assessment VALUES(3,'Test',NULL,0,1,'2025-01-10 00:00:00',5,2,8,NULL,6,0,1,'2025-01-03 18:23:23.966723','2025-01-03 18:23:23.966723');
CREATE TABLE IF NOT EXISTS "core_assignment" ("id" SERIAL PRIMARY KEY, "title" varchar(255) NOT NULL, "description" varchar(500) NULL, "due_date" datetime NOT NULL, "created_at" datetime NOT NULL, "class_assigned_id" bigint NOT NULL REFERENCES "core_class" ("id") DEFERRABLE INITIALLY DEFERRED, "subject_id" bigint NOT NULL REFERENCES "core_subject" ("id") DEFERRABLE INITIALLY DEFERRED, "teacher_id" bigint NOT NULL REFERENCES "core_teacher" ("user_id") DEFERRABLE INITIALLY DEFERRED, "active" bool NOT NULL, "updated_at" datetime NOT NULL);
INSERT INTO core_assignment VALUES(10,'Verb','Find out more about  verbs','2024-12-12 00:00:00','2024-12-04 01:54:39.778678',3,7,6,1,'2024-12-04 01:54:39.778678');
INSERT INTO core_assignment VALUES(11,'Adverb','Describing adverbs','2024-12-12 00:00:00','2024-12-04 01:59:16.918790',2,7,6,1,'2024-12-04 01:59:16.918790');
INSERT INTO core_assignment VALUES(12,'Numbers','Know your numbers','2024-12-12 00:00:00','2024-12-04 02:33:51.631160',2,8,6,1,'2024-12-04 02:33:51.631160');
INSERT INTO core_assignment VALUES(13,'Numeracy','Identify numbers','2024-12-12 00:00:00','2024-12-04 02:54:12.259161',2,8,6,1,'2024-12-04 02:54:12.259161');
CREATE TABLE IF NOT EXISTS "core_assignmentsubmission" ("id" SERIAL PRIMARY KEY, "answers" text NOT NULL CHECK ((JSON_VALID("answers") OR "answers" IS NULL)), "grade" real NULL, "feedback" text NULL, "is_completed" bool NOT NULL, "assignment_id" bigint NOT NULL REFERENCES "core_assignment" ("id") DEFERRABLE INITIALLY DEFERRED, "student_id" bigint NOT NULL REFERENCES "core_student" ("user_id") DEFERRABLE INITIALLY DEFERRED, "submitted_at" datetime NOT NULL);
INSERT INTO core_assignmentsubmission VALUES(2,'"{\"5\": \"1,2,3,4,5,6,7,8,9,10,11,12,13,14,15,16,17,18,19,20\"}"',NULL,NULL,1,12,10,'2024-12-04 03:16:11.420299');
DELETE FROM sqlite_sequence;
INSERT INTO sqlite_sequence VALUES('django_migrations',46);
INSERT INTO sqlite_sequence VALUES('django_content_type',38);
INSERT INTO sqlite_sequence VALUES('auth_permission',152);
INSERT INTO sqlite_sequence VALUES('auth_group',0);
INSERT INTO sqlite_sequence VALUES('core_result',9);
INSERT INTO sqlite_sequence VALUES('core_financialrecord',4);
INSERT INTO sqlite_sequence VALUES('django_admin_log',34);
INSERT INTO sqlite_sequence VALUES('core_customuser',63);
INSERT INTO sqlite_sequence VALUES('core_class_students',15);
INSERT INTO sqlite_sequence VALUES('core_subject',26);
INSERT INTO sqlite_sequence VALUES('core_session',1);
INSERT INTO sqlite_sequence VALUES('core_term',4);
INSERT INTO sqlite_sequence VALUES('core_schoolday',190);
INSERT INTO sqlite_sequence VALUES('core_teacherassignment',14);
INSERT INTO sqlite_sequence VALUES('core_classsubjectassignment',202);
INSERT INTO sqlite_sequence VALUES('core_subject_classes',42);
INSERT INTO sqlite_sequence VALUES('core_subject_students',4);
INSERT INTO sqlite_sequence VALUES('core_subjectassignment',88);
INSERT INTO sqlite_sequence VALUES('core_feeassignment',30);
INSERT INTO sqlite_sequence VALUES('core_studentfeerecord',20);
INSERT INTO sqlite_sequence VALUES('core_payment',4);
INSERT INTO sqlite_sequence VALUES('core_enrollment',3);
INSERT INTO sqlite_sequence VALUES('core_attendance',10);
INSERT INTO sqlite_sequence VALUES('core_subjectresult',24);
INSERT INTO sqlite_sequence VALUES('core_academicalert',3);
INSERT INTO sqlite_sequence VALUES('core_question',6);
INSERT INTO sqlite_sequence VALUES('core_notification',2);
INSERT INTO sqlite_sequence VALUES('core_message',1);
INSERT INTO sqlite_sequence VALUES('core_class',14);
INSERT INTO sqlite_sequence VALUES('core_class_subjects',146);
INSERT INTO sqlite_sequence VALUES('core_onlinequestion',7);
INSERT INTO sqlite_sequence VALUES('core_assessment_questions',7);
INSERT INTO sqlite_sequence VALUES('core_assessmentsubmission',1);
INSERT INTO sqlite_sequence VALUES('core_assessment',3);
INSERT INTO sqlite_sequence VALUES('core_assignment',13);
INSERT INTO sqlite_sequence VALUES('core_assignmentsubmission',2);
CREATE UNIQUE INDEX "django_content_type_app_label_model_76bd3d3b_uniq" ON "django_content_type" ("app_label", "model");
CREATE UNIQUE INDEX "auth_group_permissions_group_id_permission_id_0cd325b0_uniq" ON "auth_group_permissions" ("group_id", "permission_id");
CREATE INDEX "auth_group_permissions_group_id_b120cbf9" ON "auth_group_permissions" ("group_id");
CREATE INDEX "auth_group_permissions_permission_id_84c5c92e" ON "auth_group_permissions" ("permission_id");
CREATE UNIQUE INDEX "auth_permission_content_type_id_codename_01ab375a_uniq" ON "auth_permission" ("content_type_id", "codename");
CREATE INDEX "auth_permission_content_type_id_2f476e4b" ON "auth_permission" ("content_type_id");
CREATE UNIQUE INDEX "core_customuser_groups_customuser_id_group_id_7990e9c6_uniq" ON "core_customuser_groups" ("customuser_id", "group_id");
CREATE INDEX "core_customuser_groups_customuser_id_976bc4d7" ON "core_customuser_groups" ("customuser_id");
CREATE INDEX "core_customuser_groups_group_id_301aeff4" ON "core_customuser_groups" ("group_id");
CREATE UNIQUE INDEX "core_customuser_user_permissions_customuser_id_permission_id_49ea742a_uniq" ON "core_customuser_user_permissions" ("customuser_id", "permission_id");
CREATE INDEX "core_customuser_user_permissions_customuser_id_ebd2ce6c" ON "core_customuser_user_permissions" ("customuser_id");
CREATE INDEX "core_customuser_user_permissions_permission_id_80ceaab9" ON "core_customuser_user_permissions" ("permission_id");
CREATE INDEX "core_question_assignment_id_9d1c7aa6" ON "core_question" ("assignment_id");
CREATE INDEX "core_exam_class_assigned_id_8d558a91" ON "core_exam" ("class_assigned_id");
CREATE INDEX "core_exam_subject_id_82b2916c" ON "core_exam" ("subject_id");
CREATE UNIQUE INDEX "core_exam_questions_exam_id_onlinequestion_id_6d36cf9b_uniq" ON "core_exam_questions" ("exam_id", "onlinequestion_id");
CREATE INDEX "core_exam_questions_exam_id_1eda52e9" ON "core_exam_questions" ("exam_id");
CREATE INDEX "core_exam_questions_onlinequestion_id_b7c7b511" ON "core_exam_questions" ("onlinequestion_id");
CREATE UNIQUE INDEX "core_class_subjects_class_id_subject_id_32bf1335_uniq" ON "core_class_subjects" ("class_id", "subject_id");
CREATE INDEX "core_class_subjects_class_id_65399e6f" ON "core_class_subjects" ("class_id");
CREATE INDEX "core_class_subjects_subject_id_5faa5f96" ON "core_class_subjects" ("subject_id");
CREATE UNIQUE INDEX "core_assessment_questions_assessment_id_onlinequestion_id_1f655e25_uniq" ON "core_assessment_questions" ("assessment_id", "onlinequestion_id");
CREATE INDEX "core_assessment_questions_assessment_id_70094045" ON "core_assessment_questions" ("assessment_id");
CREATE INDEX "core_assessment_questions_onlinequestion_id_2cf389cb" ON "core_assessment_questions" ("onlinequestion_id");
CREATE INDEX "core_subjectresult_result_id_d86e8cfe" ON "core_subjectresult" ("result_id");
CREATE INDEX "core_subjectresult_subject_id_0b42793a" ON "core_subjectresult" ("subject_id");
CREATE INDEX "core_term_session_id_26b3f1fa" ON "core_term" ("session_id");
CREATE INDEX "core_schoolday_term_id_e45b7991" ON "core_schoolday" ("term_id");
CREATE INDEX "core_holiday_term_id_8f6a3f45" ON "core_holiday" ("term_id");
CREATE INDEX "core_feeassignment_class_instance_id_5e1817b1" ON "core_feeassignment" ("class_instance_id");
CREATE INDEX "core_feeassignment_term_id_3fc13e2a" ON "core_feeassignment" ("term_id");
CREATE INDEX "core_studentfeerecord_fee_assignment_id_e124f52a" ON "core_studentfeerecord" ("fee_assignment_id");
CREATE INDEX "core_studentfeerecord_term_id_8f630d01" ON "core_studentfeerecord" ("term_id");
CREATE INDEX "core_studentfeerecord_student_id_829f341e" ON "core_studentfeerecord" ("student_id");
CREATE INDEX "core_result_term_id_8d5303af" ON "core_result" ("term_id");
CREATE INDEX "core_result_student_id_9878554c" ON "core_result" ("student_id");
CREATE INDEX "core_payment_financial_record_id_74e7154a" ON "core_payment" ("financial_record_id");
CREATE INDEX "core_payment_term_id_9fc6b060" ON "core_payment" ("term_id");
CREATE INDEX "core_payment_student_id_96571bb6" ON "core_payment" ("student_id");
CREATE INDEX "core_financialrecord_term_id_7b08de90" ON "core_financialrecord" ("term_id");
CREATE INDEX "core_financialrecord_student_id_465d12be" ON "core_financialrecord" ("student_id");
CREATE INDEX "core_enrollment_class_enrolled_id_085b5286" ON "core_enrollment" ("class_enrolled_id");
CREATE INDEX "core_enrollment_session_id_fc96775a" ON "core_enrollment" ("session_id");
CREATE INDEX "core_enrollment_term_id_eaa7d1e3" ON "core_enrollment" ("term_id");
CREATE INDEX "core_enrollment_student_id_e42e49b3" ON "core_enrollment" ("student_id");
CREATE UNIQUE INDEX "core_class_students_class_id_student_id_920e557d_uniq" ON "core_class_students" ("class_id", "student_id");
CREATE INDEX "core_class_students_class_id_268350b2" ON "core_class_students" ("class_id");
CREATE INDEX "core_class_students_student_id_f5169cde" ON "core_class_students" ("student_id");
CREATE UNIQUE INDEX "core_financialrecord_student_id_term_id_e6755471_uniq" ON "core_financialrecord" ("student_id", "term_id");
CREATE UNIQUE INDEX "core_classsubjectassignment_class_assigned_id_subject_id_session_id_term_id_0c6dcfdd_uniq" ON "core_classsubjectassignment" ("class_assigned_id", "subject_id", "session_id", "term_id");
CREATE INDEX "core_classsubjectassignment_class_assigned_id_ede50b09" ON "core_classsubjectassignment" ("class_assigned_id");
CREATE INDEX "core_classsubjectassignment_session_id_40a2a933" ON "core_classsubjectassignment" ("session_id");
CREATE INDEX "core_classsubjectassignment_subject_id_3c0e4ee3" ON "core_classsubjectassignment" ("subject_id");
CREATE INDEX "core_classsubjectassignment_term_id_dd0ea243" ON "core_classsubjectassignment" ("term_id");
CREATE UNIQUE INDEX "core_attendance_student_id_date_class_assigned_id_term_id_788c2be1_uniq" ON "core_attendance" ("student_id", "date", "class_assigned_id", "term_id");
CREATE INDEX "core_attendance_class_assigned_id_66d984a2" ON "core_attendance" ("class_assigned_id");
CREATE INDEX "core_attendance_term_id_82b1e552" ON "core_attendance" ("term_id");
CREATE INDEX "core_attendance_student_id_681381f8" ON "core_attendance" ("student_id");
CREATE UNIQUE INDEX "core_teacherassignment_class_assigned_id_teacher_id_session_id_term_id_is_form_teacher_6abdc3d8_uniq" ON "core_teacherassignment" ("class_assigned_id", "teacher_id", "session_id", "term_id", "is_form_teacher");
CREATE INDEX "core_teacherassignment_class_assigned_id_ac70e92f" ON "core_teacherassignment" ("class_assigned_id");
CREATE INDEX "core_teacherassignment_session_id_9a937237" ON "core_teacherassignment" ("session_id");
CREATE INDEX "core_teacherassignment_term_id_d7ebd6b1" ON "core_teacherassignment" ("term_id");
CREATE INDEX "core_teacherassignment_teacher_id_d22e3f21" ON "core_teacherassignment" ("teacher_id");
CREATE UNIQUE INDEX "core_subjectassignment_class_assigned_id_subject_id_teacher_id_term_id_session_id_e0b33716_uniq" ON "core_subjectassignment" ("class_assigned_id", "subject_id", "teacher_id", "term_id", "session_id");
CREATE INDEX "core_subjectassignment_class_assigned_id_f52b77b3" ON "core_subjectassignment" ("class_assigned_id");
CREATE INDEX "core_subjectassignment_session_id_65111526" ON "core_subjectassignment" ("session_id");
CREATE INDEX "core_subjectassignment_subject_id_ed34accb" ON "core_subjectassignment" ("subject_id");
CREATE INDEX "core_subjectassignment_term_id_b5a68edd" ON "core_subjectassignment" ("term_id");
CREATE INDEX "core_subjectassignment_teacher_id_6c456207" ON "core_subjectassignment" ("teacher_id");
CREATE INDEX "django_admin_log_content_type_id_c4bce8eb" ON "django_admin_log" ("content_type_id");
CREATE INDEX "django_admin_log_user_id_c564eba6" ON "django_admin_log" ("user_id");
CREATE INDEX "django_session_expire_date_a5c62663" ON "django_session" ("expire_date");
CREATE UNIQUE INDEX "core_subject_classes_subject_id_class_id_758f4218_uniq" ON "core_subject_classes" ("subject_id", "class_id");
CREATE INDEX "core_subject_classes_subject_id_5def4ff5" ON "core_subject_classes" ("subject_id");
CREATE INDEX "core_subject_classes_class_id_9f7a2e06" ON "core_subject_classes" ("class_id");
CREATE UNIQUE INDEX "core_subject_students_subject_id_student_id_81c46cb4_uniq" ON "core_subject_students" ("subject_id", "student_id");
CREATE INDEX "core_subject_students_subject_id_a1098d2f" ON "core_subject_students" ("subject_id");
CREATE INDEX "core_subject_students_student_id_a366e8b1" ON "core_subject_students" ("student_id");
CREATE INDEX "core_academicalert_student_id_b539a162" ON "core_academicalert" ("student_id");
CREATE INDEX "core_academicalert_teacher_id_97f0dc62" ON "core_academicalert" ("teacher_id");
CREATE INDEX "core_student_current_class_id_ead06524" ON "core_student" ("current_class_id");
CREATE INDEX "core_student_student_guardian_id_f13f7108" ON "core_student" ("student_guardian_id");
CREATE INDEX "core_message_recipient_id_f6c91824" ON "core_message" ("recipient_id");
CREATE INDEX "core_message_sender_id_0ecf4560" ON "core_message" ("sender_id");
CREATE INDEX "core_message_student_id_5d0ba7ee" ON "core_message" ("student_id");
CREATE UNIQUE INDEX "core_emailcampaign_recipients_emailcampaign_id_customuser_id_76e6f228_uniq" ON "core_emailcampaign_recipients" ("emailcampaign_id", "customuser_id");
CREATE INDEX "core_emailcampaign_recipients_emailcampaign_id_e25248fc" ON "core_emailcampaign_recipients" ("emailcampaign_id");
CREATE INDEX "core_emailcampaign_recipients_customuser_id_2c449d8b" ON "core_emailcampaign_recipients" ("customuser_id");
CREATE INDEX "core_assessmentsubmission_assessment_id_cf963e16" ON "core_assessmentsubmission" ("assessment_id");
CREATE INDEX "core_assessmentsubmission_student_id_6922dd50" ON "core_assessmentsubmission" ("student_id");
CREATE INDEX "core_assessment_class_assigned_id_ecbf2a62" ON "core_assessment" ("class_assigned_id");
CREATE INDEX "core_assessment_subject_id_903adb71" ON "core_assessment" ("subject_id");
CREATE INDEX "core_assessment_approved_by_id_f842333d" ON "core_assessment" ("approved_by_id");
CREATE INDEX "core_assessment_created_by_id_0372abdf" ON "core_assessment" ("created_by_id");
CREATE INDEX "core_assessment_term_id_d81fcafe" ON "core_assessment" ("term_id");
CREATE INDEX "core_assignment_class_assigned_id_80521172" ON "core_assignment" ("class_assigned_id");
CREATE INDEX "core_assignment_subject_id_46d69062" ON "core_assignment" ("subject_id");
CREATE INDEX "core_assignment_teacher_id_4a7fbc70" ON "core_assignment" ("teacher_id");
CREATE INDEX "core_assignmentsubmission_assignment_id_92020d43" ON "core_assignmentsubmission" ("assignment_id");
CREATE INDEX "core_assignmentsubmission_student_id_9d6d8dc3" ON "core_assignmentsubmission" ("student_id");
COMMIT;
